2500,BootstrapCMS/CMS,APHPCMSpoweredbyLaravel5andSentry,https://github.com/BootstrapCMS/CMS
2100,LavaLite/cms,MultilingualPHPCMSbuiltwithLaravelandbootstrap,https://github.com/LavaLite/cms
2200,craftcms/cms,"Craftisaflexible,user-friendlyCMSforcreatingcustomdigitalexperiencesonthewebandbeyond.",https://github.com/craftcms/cms
3600,joomla/joomla-cms,HomeoftheJoomla!ContentManagementSystem,https://github.com/joomla/joomla-cms
5400,pagekit/pagekit,PagekitCMS,https://github.com/pagekit/pagekit
477,liufee/cms,FeehiCMSbasedonyii2,https://github.com/liufee/cms
661,statamic/cms,Statamic3:CorePackage,https://github.com/statamic/cms
3400,anchorcms/anchor-cms,AlightweightblogCMSforPHP,https://github.com/anchorcms/anchor-cms
199,gleez/cms,"GleezCMS-ALight,Simple,FlexibleContentManagementSystem",https://github.com/gleez/cms
1200,SecWiki/CMS-Hunter,CMS漏洞测试用例集合,https://github.com/SecWiki/CMS-Hunter
942,daylightstudio/FUEL-CMS,ACodeIgniterContentManagementSystem,https://github.com/daylightstudio/FUEL-CMS
162,quickapps/cms,ModularCMSpoweredbyCakePHP,https://github.com/quickapps/cms
302,InstantUpdate/CMS,InstantUpdateisaOpenSourceCMSbasedonNOtemplateengine.,https://github.com/InstantUpdate/CMS
127,skeeks-cms/cms,SkeekSCMS(Yii2),https://github.com/skeeks-cms/cms
723,TYPO3/TYPO3.CMS,TheTYPO3Core-EnterpriseContentManagementSystem.Synchronizedread-onlymirrorofhttp://git.typo3.org/Packages…,https://github.com/TYPO3/TYPO3.CMS
114,maxsite/cms,MaxSiteCMS,https://github.com/maxsite/cms
482,silverstripe/silverstripe-cms,SilverStripeCMS-thisisamoduleforSilverStripeFrameworkratherthanastandaloneapp.Usehttps://github.com/s…,https://github.com/silverstripe/silverstripe-cms
434,duysolo/webed,WebEdCMS-acmsbasedonLaravel5.5,https://github.com/duysolo/webed
136,KodiCMS-Kohana/cms,AnewversionofKodiCMS14.0.0withcomposermovedtotheKodiCMScompany.,https://github.com/KodiCMS-Kohana/cms
324,GetSimpleCMS/GetSimpleCMS,GetSimpleCMS,https://github.com/GetSimpleCMS/GetSimpleCMS
756,backdrop/backdrop,Backdropcorecoderepository.,https://github.com/backdrop/backdrop
3000,pyrocms/pyrocms,PyroisanexperiencedandpowerfulLaravelPHPCMS.,https://github.com/pyrocms/pyrocms
259,ionize/ionize,"ionize,nativemultilingualCMS.",https://github.com/ionize/ionize
393,hnaoyun/PbootCMS,PbootCMS是全新内核且永久开源免费的PHP企业网站开发建设管理系统，是一套高效、简洁、强悍的可免费商用的PHPCMS源码，能够满足各类企业网站开发建设的需要。系统采用简单到想哭的模板标签，只要懂HTML就可快速开发企业网站。…,https://github.com/hnaoyun/PbootCMS
3300,picocms/Pico,"Picoisastupidlysimple,blazingfast,flatfileCMS.",https://github.com/picocms/Pico
228,xibosignage/xibo-cms,XiboContentManagementSystem,https://github.com/xibosignage/xibo-cms
487,sdebacker/TypiCMS,MultilingualCMSbuiltwithLaravel4.2,https://github.com/sdebacker/TypiCMS
58,raylight75/cms,Laravel-EcommerceSystem,https://github.com/raylight75/cms
383,ozdemirburak/laravel-7-simple-cms,Laravel7contentmanagementsystemforstarters.,https://github.com/ozdemirburak/laravel-7-simple-cms
370,alexander-torosh/yona-cms,CMSbasedonPhalconPHPFrameworkwithmodularstructure,https://github.com/alexander-torosh/yona-cms
338,Kunstmaan/KunstmaanBundlesCMS,"Anadvancedyetuser-friendlycontentmanagementsystem,basedonthefullstackSymfonyframeworkcombinedwithawh…",https://github.com/Kunstmaan/KunstmaanBundlesCMS
1700,microweber/microweber,DragandDropWebsiteBuilderandCMSwithE-commerce,https://github.com/microweber/microweber
620,pH7Software/pH7-Social-Dating-CMS,?pH7Builder(formerlypH7CMS)?isaProfessional&OpenSourceSocialDatingCMSwritteninOOPPHPwiththeMVCpa…,https://github.com/pH7Software/pH7-Social-Dating-CMS
684,silverstripe/silverstripe-framework,"SilverStripeFramework,theMVCframeworkthatpowersSilverStripeCMS",https://github.com/silverstripe/silverstripe-framework
299,borgert-inc/borgert-cms,BorgertisaCMSOpenSourcecreatedwithLaravelFramework5.6,https://github.com/borgert-inc/borgert-cms
740,bludit/bludit,"Simple,Fast,Secure,Flat-FileCMS",https://github.com/bludit/bludit
317,snytkine/LampCMS,OpensourceQuestionandAnswerprogramsimilartoStackOverflowandQuorainPHP+MongoDB.Follow@snytkineonTwitter,https://github.com/snytkine/LampCMS
10100,octobercms/october,"Free,open-source,self-hostedCMSplatformbasedontheLaravelPHPFramework.",https://github.com/octobercms/october
539,symphonycms/symphonycms,ThisistheofficialSymphonyCMSrepository.,https://github.com/symphonycms/symphonycms
156,Kliqqi-CMS/Kliqqi-CMS,KliqqiformerlyknownasPliggCMS-NewversionavailableatKliqqi.com,https://github.com/Kliqqi-CMS/Kliqqi-CMS
281,CosmoCMS/Cosmo,SinglePageAppCMS,https://github.com/CosmoCMS/Cosmo
195,chekun/DiliCMS,DiligentCMS,https://github.com/chekun/DiliCMS
240,idreamsoft/iCMS,"iCMS是一套采用PHP和MySQL构建的高效简洁的内容管理系统,为您的网站提供一个完美的开源解决方案",https://github.com/idreamsoft/iCMS
243,TYPO3-Console/TYPO3-Console,ConsolecommandforTYPO3CMS,https://github.com/TYPO3-Console/TYPO3-Console
627,concrete5/concrete5,Officialrepositoryforconcrete5development,https://github.com/concrete5/concrete5
287,MrSqar-Ye/BadMod,CMSautodetectandexploit.,https://github.com/MrSqar-Ye/BadMod
110,silverstripe/silverstripe-blog,BlogmoduleforSilverStripeCMS,https://github.com/silverstripe/silverstripe-blog
147,contao/contao,ContaoOpenSourceCMS,https://github.com/contao/contao
12200,getgrav/grav,"Modern,CrazyFast,RidiculouslyEasyandAmazinglyPowerfulFlat-FileCMS",https://github.com/getgrav/grav
120,havok89/Hoosk,HooskCodeigniterCMS,https://github.com/havok89/Hoosk
5100,PrestaShop/PrestaShop,PrestaShopoffersafullyscalableopensourceecommercesolution.,https://github.com/PrestaShop/PrestaShop
293,contentacms/contenta_jsonapi,"ContentaCMS,thedecoupledDrupal",https://github.com/contentacms/contenta_jsonapi
275,CouchCMS/CouchCMS,SimpleOpen-SourceCMSfordesigners,https://github.com/CouchCMS/CouchCMS
113,rhymix/rhymix,PHPCMSRhymix,https://github.com/rhymix/rhymix
817,croogo/croogo,ACakePHPpoweredContentManagementSystem,https://github.com/croogo/croogo
167,xpressengine/xpressengine,PHPOpenSourceCMS,https://github.com/xpressengine/xpressengine
78,photoncms/cms,PhotonCMS,https://github.com/photoncms/cms
124,GreenCMS/GreenCMS,GreenCMSv2.xBasedonThinkPHP3.2Framwork,https://github.com/GreenCMS/GreenCMS
52,anchorcms/anchor-translations,TranslationsforAnchorCMS,https://github.com/anchorcms/anchor-translations
68,hassiumsoft/hasscms-app,"HassiumCMS-YiiFramework2(yii2,cms)",https://github.com/hassiumsoft/hasscms-app
72,woider/ArticleCMS,基于Bootstrap3.2和ThinkPHP5.0搭建的响应式资讯网站，侧重于后台用户和文章的管理。,https://github.com/woider/ArticleCMS
427,PhalconEye/phalconeye,PhalconEyeCMSPoweredbyPhalconFramework,https://github.com/PhalconEye/phalconeye
600,noumo/easyii,Easyyii2cmspoweredbyYiiframework2,https://github.com/noumo/easyii
7300,directus/directus,Directus8Suite―Future-ProofHeadlessCMS&APIforCustomDatabases,https://github.com/directus/directus
514,contao/core,Contao3→seecontao/contaoforContao4,https://github.com/contao/core
242,eddy8/LightCMS,LightCMS是一个基于Laravel开发的轻量级CMS系统，也可以作为一个通用的后台管理框架使用。,https://github.com/eddy8/LightCMS
103,redbaron76/PongoCMS-Laravel-cms-bundle,aCMSbundleforLaravel3.2andTwitterBootstrap2.2.0,https://github.com/redbaron76/PongoCMS-Laravel-cms-bundle
29,light0011/cms,基于bootstrap与thinkphp做的新闻内容管理系统，有登陆注册、发表文章、评论、投票等常用功能,https://github.com/light0011/cms
869,TypiCMS/Base,MultilingualandmodularCMSbuiltwithLaravel6,https://github.com/TypiCMS/Base
630,DevGroup-ru/dotplant2,"E-CommerceCMS-YiiFramework2(yii2,shop)",https://github.com/DevGroup-ru/dotplant2
185,bg5sbk/MiniCMS,至简的个人网站内容管理系统,https://github.com/bg5sbk/MiniCMS
694,AsgardCms/Platform,AmodularmultilingualCMSbuiltwithLaravel5.,https://github.com/AsgardCms/Platform
165,BitBagCommerce/SyliusCmsPlugin,"ContentmanagementsystemforeCommerceappscreatedonSyliusplatform.BuiltwithSyliuscodequality,flexibility,…",https://github.com/BitBagCommerce/SyliusCmsPlugin
821,idno/known,Asocialpublishingplatform.,https://github.com/idno/known
63,silverstripe/silverstripe-subsites,SubsitesmoduleforSilverStripeCMS,https://github.com/silverstripe/silverstripe-subsites
78,devisephp/cms,ContentManagementSystem,https://github.com/devisephp/cms
47,TYPO3/CmsComposerInstallers,TYPO3CMSComposerInstaller,https://github.com/TYPO3/CmsComposerInstallers
1900,pimcore/pimcore,"OpenSourceDigitalExperiencePlatform(DXP,MDM/PIM,CDP,DAM,CMS/UX&eCommerce",https://github.com/pimcore/pimcore
134,GotCms/GotCms,GotCmsisaCmsbasedonZendFramework2andPosgreSQL/MySQL,https://github.com/GotCms/GotCms
119,govCMS/GovCMS7,"CurrentstablereleaseofthemainDrupal7GovCMSdistribution,withreleasesmirroredathttps://www.drupal.org/pro…",https://github.com/govCMS/GovCMS7
305,BKWLD/decoy,ALaravelmodel-basedCMS,https://github.com/BKWLD/decoy
128,craftcms/commerce,FullyintegratedecommerceforCraftCMS,https://github.com/craftcms/commerce
850,spatie/blender,TheLaraveltemplateusedforourCMSlikeprojects,https://github.com/spatie/blender
36,qdsay/cms,勤道CMS不仅是一套极简的内容管理系统，还是一套PHP基础开发框架，他涵盖了我们日常开发中最常用的类库。与此同时，勤道CMS还提供了一套高可配置的脚手架程序（代码生成器），用于快速构建内容管理系统中的CRUD程序。,https://github.com/qdsay/cms
200,andrey900/SlimCMS,SlimCMS-lightweightCMSbasedonslim3framework,https://github.com/andrey900/SlimCMS
144,KevinJay/PhalconCMS,PhalconCMS博客系统,https://github.com/KevinJay/PhalconCMS
223,unite-cms/unite-cms,"ReallyflexibleheadlessCMS,builtontopofSymfonyandGraphQL.",https://github.com/unite-cms/unite-cms
59,silverstripe/silverstripe-translatable,TranslatableextensionforSilverStripeCMS,https://github.com/silverstripe/silverstripe-translatable
93,TeamEasy/EasyCMS,cmsbythinkphp+dwz+bootstrap,https://github.com/TeamEasy/EasyCMS
660,danpros/htmly,"DatabaselessBloggingPlatform,Flat-FileBlogandFlat-FileCMS",https://github.com/danpros/htmly
2100,area17/twill,TwillisanopensourceCMStoolkitforLaravelthathelpsdevelopersrapidlycreateacustomadminconsolethatisi…,https://github.com/area17/twill
188,bigtreecms/BigTree-CMS,,https://github.com/bigtreecms/BigTree-CMS
385,livestreet/livestreet,LiveStreetCMS-платформадляколлективныхблоговисоциальныхплощадок.,https://github.com/livestreet/livestreet
150,yiichina/yii2-cms,YiiCMS-基于Yii2的高度可定制化开源CMS,https://github.com/yiichina/yii2-cms
188,diem-project/diem,DiemCMFCMSforsymfony1.4,https://github.com/diem-project/diem
116,ChenJinchuang/lin-cms-tp5,?AsimpleandpracticalCMSimplememtedbyThinkPHP5.1,https://github.com/ChenJinchuang/lin-cms-tp5
161,dedetech/DedeCMSv5,中国专业的PHP网站内容管理系统-织梦内容管理系统,https://github.com/dedetech/DedeCMSv5
622,processwire/processwire,ProcessWire3.xisafriendlyandpowerfulopensourceCMSwithastrongAPI.,https://github.com/processwire/processwire
80,nganhtuan63/gxc-cms-2,GXC-CMSversion2.0,https://github.com/nganhtuan63/gxc-cms-2
75,imagecms/ImageCMS,OpensourcephpCMSbasedonCodeIgniter,https://github.com/imagecms/ImageCMS
15,sileence/cms,"ProgramemosunmóduloconLaravel4yCodeception,pasoapasoenhttp://styde.net",https://github.com/sileence/cms
161,philippe/FrogCMS,"FrogCMSsimplifiescontentmanagementbyofferinganelegantuserinterface,flexibletemplatingperpage,simpleus…",https://github.com/philippe/FrogCMS
29,Lakion/CmsPlugin,SimpleCMSontopofSymfonyCMFforSyliusapplications.,https://github.com/Lakion/CmsPlugin
159,KodiCMS/kodicms-laravel,KodiCMS-CMSbuiltonLaravel5.2,https://github.com/KodiCMS/kodicms-laravel
98,nganhtuan63/gxc-cms,ContentmanagementsystembasedonYii1.1,https://github.com/nganhtuan63/gxc-cms
39,PopojiCMS/PopojiCMS,PopojiCMS-BuatSendiriRasaWebmu,https://github.com/PopojiCMS/PopojiCMS
160,rimorsoft/Rimback,CMSbaseforthecommunityofwebprogrammersRimorsoftOnline.,https://github.com/rimorsoft/Rimback
84,baigoStudio/baigoCMS,网站内容管理系统,https://github.com/baigoStudio/baigoCMS
23,doorgets/CMS,"CMSPHPdoorGetsoffersafree,fullyscalable,Open-sourceCMSPHPWebsitesolution.",https://github.com/doorgets/CMS
78,Krisseck/Detect-CMS,PHPLibraryfordetectingCMS,https://github.com/Krisseck/Detect-CMS
389,oc-shopaholic/oc-shopaholic-plugin,??#1e-commerceplatformforOctoberCMS,https://github.com/oc-shopaholic/oc-shopaholic-plugin
38,silverstripe/silverstripe-widgets,WidgetssubsystemforSilverStripeCMS,https://github.com/silverstripe/silverstripe-widgets
42,SiberianCMS/SiberianCMS,DeprecatedoldVersionofSiberianCMS,https://github.com/SiberianCMS/SiberianCMS
38,hubzero/hubzero-cms,PlatformforScientificCollaboration,https://github.com/hubzero/hubzero-cms
30,lemberg/connfa-integration-server,ConnfaCMS&IntegrationServer,https://github.com/lemberg/connfa-integration-server
73,wilr/silverstripe-googlesitemaps,GoogleSitemapsmodulefortheSilverStripeCMS,https://github.com/wilr/silverstripe-googlesitemaps
222,zenphoto/zenphoto,TheZenphotoopen-sourcegalleryandCMSproject,https://github.com/zenphoto/zenphoto
72,Londeren/Bitrix,ScriptsforCMS1C-Bitrix,https://github.com/Londeren/Bitrix
299,hiliqi/xiaohuanxiong,开源有态度的漫画CMS,https://github.com/hiliqi/xiaohuanxiong
53,govCMS/GovCMS8,"CurrentstablereleaseofthemainGovCMS8distribution,withreleasesmirroredathttps://www.drupal.org/project/gov…",https://github.com/govCMS/GovCMS8
95,networking/init-cms-bundle,theflexiblecmscoreforsymfonydevelopers,https://github.com/networking/init-cms-bundle
34,silverstripe-archive/silverstripe-forum,ForummoduleforSilverStripeCMS,https://github.com/silverstripe-archive/silverstripe-forum
70,bensonarts/GalleryCMS,AfreeCMSforphotogalleries(PHP5/CodeIgniter),https://github.com/bensonarts/GalleryCMS
1800,orchidsoftware/platform,"Platformforback-officeapplications,adminpanelorCMSyour@laravelapp.",https://github.com/orchidsoftware/platform
257,intelliants/subrion,SubrionCMS-opensourcephpcontentmanagementsystem.,https://github.com/intelliants/subrion
141,ivandoric/Making-Websites-With-October-CMS,ThisisarepositoryforvideotutorialseriesaboutmakingwebsiteswithOctoberCMS.Youcancheckouttheseriesh…,https://github.com/ivandoric/Making-Websites-With-October-CMS
41,silverstripe/silverstripe-restfulserver,RestfulServermoduleforSilverStripeCMS,https://github.com/silverstripe/silverstripe-restfulserver
288,craftcms/contact-form,AddasimplecontactformtoyourCraftCMSsite.,https://github.com/craftcms/contact-form
290,bitrixdock/bitrixdock,BitrixDock-этоготовоеDockerокружениедляBitrixCMS?,https://github.com/bitrixdock/bitrixdock
74,unclecheese/DataObjectManager,DataObjectManagermoduleforSilverstripeCMS,https://github.com/unclecheese/DataObjectManager
74,unclecheese/DataObjectManager,DataObjectManagermoduleforSilverstripeCMS,https://github.com/unclecheese/DataObjectManager
1100,forkcms/forkcms,ForkisaneasytouseopensourceCMSusingSymfonyComponents.,https://github.com/forkcms/forkcms
65,unclecheese/Uploadify,UploadifymoduleforSilverStripeCMS,https://github.com/unclecheese/Uploadify
142,yiifans/lulucms,OneCMSpowerdbyYii2.0(pleaseuselulucms2),https://github.com/yiifans/lulucms
45,magespecialist/m2-MSP_CmsImportExport,MSP-CMSImportExportmoduleforM2,https://github.com/magespecialist/m2-MSP_CmsImportExport
69,nextcloud/cms_pico,?IntegratePicoCMSandletyourusersmanagetheirownwebsites,https://github.com/nextcloud/cms_pico
14,FALL1N1/FusionCMS,FusionCMS(thefreeversion),https://github.com/FALL1N1/FusionCMS
25,rocktronica/OneFileCMS,"ACMS(err,texteditorandfilemanager)allinonefile.",https://github.com/rocktronica/OneFileCMS
96,monarkee/bumble,TheCMSforLaravel,https://github.com/monarkee/bumble
335,getkirby/kirby,Kirby'scoreapplicationfolder,https://github.com/getkirby/kirby
105,hunk/Magic-Fields,WordPressCMSPlugin(1.X),https://github.com/hunk/Magic-Fields
37,bpesquet/OC-MicroCMS,SupportducoursOpenClassrooms"EvoluezversunearchitecturePHPprofessionnelle".,https://github.com/bpesquet/OC-MicroCMS
51,symfony-cmf/simple-cms-bundle,UNMAINTAINED-Amore-than-simplecmsbasedonthecmfcomponents,https://github.com/symfony-cmf/simple-cms-bundle
51,joostvanveen/build-a-cms-with-codeigniter,SourcecodefortheTutspluscourse'BuildaCMSwithCodeigniter',https://github.com/joostvanveen/build-a-cms-with-codeigniter
63,neoighodaro/laravel-vue-cms,ThisisasimpleCMSbuiltuponLaravelandVue.,https://github.com/neoighodaro/laravel-vue-cms
80,Cotonti/Cotonti,"Fast,reliableandflexiblePHPCMF/CMS",https://github.com/Cotonti/Cotonti
217,ciims/CiiMS,"CiiMS,AHighPerformanceCMSBuiltinYii",https://github.com/ciims/CiiMS
53,devmark/laravel-angular-cms,laravelapiwithangularbackendcms,https://github.com/devmark/laravel-angular-cms
284,robiso/wondercms,WonderCMS-fastandsmallflatfileCMS(5files),https://github.com/robiso/wondercms
34,fixcore/BlizzCMS,BlizzCMSwebsiteWorldofWarcraftMultiExpansion,https://github.com/fixcore/BlizzCMS
104,bitrix-expert/bbc,BasiscomponentsforBitrixCMS,https://github.com/bitrix-expert/bbc
127,verbb/comments,ACraftCMSpluginformanagingcommentsdirectlywithintheCMS.,https://github.com/verbb/comments
71,Elias-Black/Landing-CMS,AsimpleCMSforlandingpages,https://github.com/Elias-Black/Landing-CMS
78,csu/singularity-cms,"Asimple,flatfile,markdownCMSinasinglePHPfile.",https://github.com/csu/singularity-cms
54,WXiangQian/wage-cms,?基于laravel-admin1.5开发的工资管理系统，含excel导出、查询快递功能,https://github.com/WXiangQian/wage-cms
419,ClassicPress/ClassicPress,Thebusiness-focusedCMS.Powerful.Versatile.Predictable.ForkedfromWordPress.,https://github.com/ClassicPress/ClassicPress
2,fasilkk/cms,PongoCMS-admininterface,https://github.com/fasilkk/cms
42,yii2mod/yii2-cms,SimpleCMSextension,https://github.com/yii2mod/yii2-cms
158,fruitstudios/linkit,Multi-purposelinkpluginforCraftCMS,https://github.com/fruitstudios/linkit
36,OpenEdition/lodel,SciencepublishingCMS,https://github.com/OpenEdition/lodel
76,emad-elsaid/Codeigniter-Egypt,"AnotherCodeigniterCMS,WithsomeLove",https://github.com/emad-elsaid/Codeigniter-Egypt
189,weison-tech/yii2-cms,Anenterpriseapplicationbasedonyii2basictemplate,https://github.com/weison-tech/yii2-cms
65,MineWeb/MineWebCMS,?AFrenchMinecraftCMSsince2015(usedby+1kwebsites),https://github.com/MineWeb/MineWebCMS
208,omeka/omeka-s,"OmekaSisawebpublicationsystemforuniversities,galleries,libraries,archives,andmuseums.Itconsistsofal…",https://github.com/omeka/omeka-s
59,exponentcms/exponent-cms,"ContentManagement,Simple.",https://github.com/exponentcms/exponent-cms
44,pluck-cms/pluck,Centralrepoforpluckcms,https://github.com/pluck-cms/pluck
185,boboldehampsink/import,DEPRECATED-ImportpluginforCraftCMS,https://github.com/boboldehampsink/import
15,Desch/FusionCMS,"FusionCMS6.2.1,Updates(6.1.7to6.2.1),AllModulesandThemes",https://github.com/Desch/FusionCMS
54,ostapetc/Yii-CMS-2.0,,https://github.com/ostapetc/Yii-CMS-2.0
59,baijiacms/baijiacmsV3,百家cms微商城V3,https://github.com/baijiacms/baijiacmsV3
54,ostapetc/Yii-CMS-2.0,,https://github.com/ostapetc/Yii-CMS-2.0
72,joomlagovbr/joomla-3.x,"Portalpadr?oemCMSJoomla,vers?o3.8.10",https://github.com/joomlagovbr/joomla-3.x
148,vedees/wcms,?BestCMSforlanding-pageWCMS,https://github.com/vedees/wcms
53,cobwebch/linkhandler,GenericrecordbrowserforTYPO3CMS,https://github.com/cobwebch/linkhandler
,EM6Holdings/cms,"Arocketfast,lightweight,flatfileCMSforPHP",https://github.com/EM6Holdings/cms
36,itobuz/shila-laravel-backend,LaravelShoppingCartCMS,https://github.com/itobuz/shila-laravel-backend
89,objectivehtml/Postmaster-for-Craft-CMS,PostmasterforCraftCMS,https://github.com/objectivehtml/Postmaster-for-Craft-CMS
40,adrianortiz/codizer-core,"LaravelCMS,CRM,E-Commerce",https://github.com/adrianortiz/codizer-core
1,rncrecario/cmsc128,CMSC128SampleProject,https://github.com/rncrecario/cmsc128
141,imjakechapman/CraftCMS-Boilerplate,CraftCMSBoilerplatew/Gulp(updatecomingsoon),https://github.com/imjakechapman/CraftCMS-Boilerplate
74,cundd/rest,RESTwebservicesforTYPO3CMS,https://github.com/cundd/rest
25,luyadev/luya-module-cms,TheLUYACMSmoduleprovidesafullfunctionalCMSforaddingcontentsbasedonblocks.,https://github.com/luyadev/luya-module-cms
139,storypioneers/kirby-selector,fileselectorpanelfieldforKirbyCMS,https://github.com/storypioneers/kirby-selector
576,davzie/laravel-bootstrap,"[DEPRECIATED]ALaravel4,Bootstrap3CMSBuiltWithSOLIDPrinciplesInMind",https://github.com/davzie/laravel-bootstrap
47,infoweb-internet-solutions/yii2-cms,CMSmoduleforYii2,https://github.com/infoweb-internet-solutions/yii2-cms
46,wpanel/wpanel4-cms,"WpanelCMS-BuildBlogs,WebsitesandWebApps!",https://github.com/wpanel/wpanel4-cms
22,dcblogdev/simple-cms,Buildingacontentmanagementsystemfromscratch,https://github.com/dcblogdev/simple-cms
44,Orbitale/CmsBundle,Super-lightweightCMSbundleforSymfony,https://github.com/Orbitale/CmsBundle
25,codemotion/cogear2,cms,https://github.com/codemotion/cogear2
20,Integreat/cms,MobileGuideforRefugees-backendforcontentadministration,https://github.com/Integreat/cms
258,redaxo/redaxo,"REDAXO,aPHP-basedCMSsince2004.Bothsimpleandflexible.",https://github.com/redaxo/redaxo
22,textpattern/textpacks,TextpatternCMSlanguagefiles.,https://github.com/textpattern/textpacks
111,OFFLINE-GmbH/oc-mall-plugin,?E-commercesolutionforOctoberCMS,https://github.com/OFFLINE-GmbH/oc-mall-plugin
37,webbc/laravelcms,ALaravelCMS,https://github.com/webbc/laravelcms
115,yongshengli/yiicms,yiicms是采用yii2开发的企业站系统http://demo2.yiiphp.net,https://github.com/yongshengli/yiicms
47,baijiacms/baijiacmsV2,百家cms微商城,https://github.com/baijiacms/baijiacmsV2
62,artemmelnik/flexicms,FlexiblesitemanagementsystemFlexiCMS,https://github.com/artemmelnik/flexicms
24,Riki4321/magento-clever-cms,Magentoextensiontomanagecmspagesasatreestructurewithpermissions.,https://github.com/Riki4321/magento-clever-cms
9,octoberrain/cms,[READONLY]SubtreesplitoftheOctoberCmsmodule(seeoctobercms/october),https://github.com/octoberrain/cms
27,department-of-veterans-affairs/va.gov-cms,Editor-centeredmanagementforVeteran-centeredcontent.,https://github.com/department-of-veterans-affairs/va.gov-cms
127,Fanli2012/lqycms,基于laravel框架的企业级开源cms管理系统，开源php商城源码，B2C微商城系统，企业建站cms。,https://github.com/Fanli2012/lqycms
30,cumulusclips/cumulusclips,CumulusClipsOpenSourceVideoCMS,https://github.com/cumulusclips/cumulusclips
49,dr-dimitru/indira,"IndiraCMS-SameideaasinAdminizerCMS,butinnewinterpretation:Laravel,Bootstrap,FontAwesome",https://github.com/dr-dimitru/indira
126,Indexhibit/indexhibit,Anarchetypalportfoliocmsforeverybody.,https://github.com/Indexhibit/indexhibit
44,pkerspe/yii2-simple-cms,"abasicyii2contentmanagmentmoduleforeasilycreatingandmaintainingapagestructure,includingnavigationwid…",https://github.com/pkerspe/yii2-simple-cms
36,helhum/realurl,TYPO3CMSExtensionRealURLfork,https://github.com/helhum/realurl
35,CMS-Garden/cmsscanner,DetectsFOSSCMSinthelocalfilesystem,https://github.com/CMS-Garden/cmsscanner
44,Boolive/Boolive,SuperflexibleCMS,https://github.com/Boolive/Boolive
37,PHPVibe/phpvibe,PHPVibeOpensourcevideoCMS/VideoSharingCMS/YoutubeApiv3/VideoEmbeds,https://github.com/PHPVibe/phpvibe
31,goncaloperes/Project-CodeIgniter-CMS,Codeigniterbasedapplicationtomanagingwebsitecontent.,https://github.com/goncaloperes/Project-CodeIgniter-CMS
44,padcms/PadCMS-backend,PadCMS-backend,https://github.com/padcms/PadCMS-backend
26,mmlTools/DarkCore-CMS,ThisisaTrinitycoreWebsiteCMSunderdevelopment,https://github.com/mmlTools/DarkCore-CMS
47,lowbase/yii2-cms,,https://github.com/lowbase/yii2-cms
544,sulu/sulu,CoreframeworkthatimplementsthefunctionalityoftheSulucontentmanagementsystem,https://github.com/sulu/sulu
44,silverstripe/silverstripe-spamprotection,SpamprotectionmoduleforSilverStripeCMS,https://github.com/silverstripe/silverstripe-spamprotection
106,altocms/altocms,AltoCMS-PerfectContentManagementSystem&AdvancedCommunityEngine,https://github.com/altocms/altocms
25,MightyGorgon/icy_phoenix,CMSbasedonphpBB,https://github.com/MightyGorgon/icy_phoenix
62,xpertbot/craft-wheelform,CraftCMS3FormwithDatabaseintegration,https://github.com/xpertbot/craft-wheelform
29,kartolo/direct_mail,it'sannewslettersendingextensionfortheTYPO3CMS,https://github.com/kartolo/direct_mail
28,writesdown/app-cms,ContentmanagementsystemwhichisdevelopedusingYii2framework,https://github.com/writesdown/app-cms
28,writesdown/app-cms,ContentmanagementsystemwhichisdevelopedusingYii2framework,https://github.com/writesdown/app-cms
37,silverstripe-archive/silverstripe-mobile,MobilesupportmoduleforSilverStripeCMS,https://github.com/silverstripe-archive/silverstripe-mobile
29,phpnt/yii2-cms,Yii2CMS,https://github.com/phpnt/yii2-cms
,TradeBitNZ/backstage2,CMS/Framework,https://github.com/TradeBitNZ/backstage2
33,nothing628/ai-cms,FreeandopensourceMangaCMS(Deprecated!),https://github.com/nothing628/ai-cms
71,silverstripe-archive/silverstripe-newsletter,NewsletterAdministheCMSclassformanagingthenewslettersystem.,https://github.com/silverstripe-archive/silverstripe-newsletter
77,OFFLINE-GmbH/oc-bootstrapper,EasilybootstrapanewOctoberCMSproject,https://github.com/OFFLINE-GmbH/oc-bootstrapper
23,pixelimity/pixelimity,PixelimityCMS,https://github.com/pixelimity/pixelimity
58,tmaiaroto/minerva,MinervaCMS,https://github.com/tmaiaroto/minerva
32,symbiote/silverstripe-grouped-cms-menu,AllowsyoutogroupCMSmenuitems.,https://github.com/symbiote/silverstripe-grouped-cms-menu
58,tmaiaroto/minerva,MinervaCMS,https://github.com/tmaiaroto/minerva
22,liqpay/plugin-magento,LiqPaypluginformagentoCMS,https://github.com/liqpay/plugin-magento
31,nganhtuan63/gxc-app,GXC-CMSApplicationTemplate,https://github.com/nganhtuan63/gxc-app
47,shellus/shcms,一个基于laravel的cms系统,https://github.com/shellus/shcms
7,rinodung/yii2-cms-writedown,Yii2CMS,https://github.com/rinodung/yii2-cms-writedown
145,rsanchez/craft-cli,CommandlineinterfaceforCraftCMS2.,https://github.com/rsanchez/craft-cli
134,ethercreative/simplemap,AbeautifullysimplemapfieldtypeforCraftCMS.,https://github.com/ethercreative/simplemap
108,volter9/8-cms,?Behold!ThemostfastandlightweightPHPCMSyou'veeverseenin8linesofcode,https://github.com/volter9/8-cms
177,doublesecretagency/craft-businesslogic,BusinessLogicmoduletemplateforCraftCMS,https://github.com/doublesecretagency/craft-businesslogic
61,theodo/TheodoRogerCmsBundle,PortofRadiantCMStoSymfony2,https://github.com/theodo/TheodoRogerCmsBundle
32,webadmin87/rzwebsys7,CMSpoweredbyYii2,https://github.com/webadmin87/rzwebsys7
17,networking/init-cms-sandbox,"Sandboxofthesymfonybasedcms,initCMS",https://github.com/networking/init-cms-sandbox
24,daylightstudio/FUEL-CMS-Languages,FUELCMSLanguagefilesforlocalization,https://github.com/daylightstudio/FUEL-CMS-Languages
1400,yii2-starter-kit/yii2-starter-kit,Yii2StarterKit,https://github.com/yii2-starter-kit/yii2-starter-kit
10,fusioncms/cms,?ThecoreinfrastructureofFusionCMS.,https://github.com/fusioncms/cms
19,ignitedcms/ignitedcms,codeigniterCMS,https://github.com/ignitedcms/ignitedcms
555,joomla/joomla-platform,[READ-ONLY]Thisrepoisnolongerinactivedevelopment.Pleaseseehttps://github.com/joomla/joomla-cms,https://github.com/joomla/joomla-platform
55,craftcms/aws-s3,AmazonS3volumetypeforCraftCMS,https://github.com/craftcms/aws-s3
8,cfpb/cms-toolkit,??THISREPOISDEPRECATED??,https://github.com/cfpb/cms-toolkit
25,sauruscms/Saurus-CMS-Community-Edition,SaurusCMSCommunityEdition,https://github.com/sauruscms/Saurus-CMS-Community-Edition
369,Web-Feet/coastercms,"TherepositoryforCoasterCMS(coastercms.org),afullfeatured,LaravelbasedContentManagementSystem",https://github.com/Web-Feet/coastercms
20,cmsimple-xh/cmsimple-xh,"Amodular,easy-to-install,flatfileCMSwithoutdatabase",https://github.com/cmsimple-xh/cmsimple-xh
17,Geeklog-Core/geeklog,Geeklog-TheSecureCMS.,https://github.com/Geeklog-Core/geeklog
255,LMS-Laravel/OLD-LMS-Laravel,LaravelLearningManagementSystem(LMS),https://github.com/LMS-Laravel/OLD-LMS-Laravel
20,Nuked-Klan/CMS_Nuked-Klan,OfficialNuked-Klandevelopment,https://github.com/Nuked-Klan/CMS_Nuked-Klan
4100,bolt/bolt,"BoltisasimpleCMSwritteninPHP.ItisbasedonSilexandSymfonycomponents,usesTwigandeitherSQLite,MySQL…",https://github.com/bolt/bolt
642,sulu/sulu-standard,Thisrepositoryisnotlongertherecommendedwaytostartasuluproject.Use:,https://github.com/sulu/sulu-standard
44,tokenly/tokenly-cms,,https://github.com/tokenly/tokenly-cms
101,samnabi/shopkit,ComprehensivecommercesolutionforKirbyCMSv2,https://github.com/samnabi/shopkit
392,code16/sharp,Laravel6and7Contentmanagementframework,https://github.com/code16/sharp
121,dmitryd/typo3-realurl,[RETIRE]RealURLextensionforTYPO3CMS.Readthewikiifyouhavequestions???!,https://github.com/dmitryd/typo3-realurl
38,statamic/docs,Statamic3Documentation:Content+Site,https://github.com/statamic/docs
28,OFFLINE-GmbH/oc-site-search-plugin,AddsglobalsearchcapabilitiestoOctoberCMS.,https://github.com/OFFLINE-GmbH/oc-site-search-plugin
165,flokosiol/kirby-focus,BetterimagecroppingforKirbyCMS,https://github.com/flokosiol/kirby-focus
28,Creatiwity/wityCMS,InnovativeCMSinPHPtoeasilybuildawebsite,https://github.com/Creatiwity/wityCMS
13,TwistedInteractive/author_roles,AddRolestoSymphonyCMS,https://github.com/TwistedInteractive/author_roles
60,iainurquhart/craft_introvert,IntrovertforCraftCMS,https://github.com/iainurquhart/craft_introvert
23,libracms/libra-cms,"It'saJoomlalookingContentManagmentSystembasedonZF2(ZendFramework2).IverylikeajoomlaandZF,buteach…",https://github.com/libracms/libra-cms
218,dignajar/nibbleblog,"Easy,fastandfreeCMSBlog.AllyouneedisPHPtowork.",https://github.com/dignajar/nibbleblog
64,RangerGuan/geekland,"wechat-applet-cms,微信小程序CMS框架，包含服务器端代码",https://github.com/RangerGuan/geekland
64,RangerGuan/geekland,"wechat-applet-cms,微信小程序CMS框架，包含服务器端代码",https://github.com/RangerGuan/geekland
177,s-cart/s-cart,"FreeLaravele-commerceforbusiness:shoppingcart,cmscontent,andmore...",https://github.com/s-cart/s-cart
42,HotaruCMS/HotaruCMS,OpenSourcePlugin-PoweredCMSEngine,https://github.com/HotaruCMS/HotaruCMS
30,ajayrandhawa/Grocery-CMS-PHP-Restful-API,Grocery-CMS-PHP-Restful-APIisanonlinegroceryshop.TheprojectisdevelopedbyusingPHP/MySQL/SlimRestfulAPI.…,https://github.com/ajayrandhawa/Grocery-CMS-PHP-Restful-API
25,Leslie1sMe/laravelCMS,用laravel开发的一套CMS系统,https://github.com/Leslie1sMe/laravelCMS
24,bardius/BardisCMS,"BardisCMSisaSymfony2CMS(v2.8.14)distributionwithintegratedZurbFoundation6(Grunt,Bower&Babelincluded)f…",https://github.com/bardius/BardisCMS
22,mnoskov/pagebuilder,PageBuilderforEvolutionCMS,https://github.com/mnoskov/pagebuilder
18,rmatil/angular-cms,AContentManagementSystemwithabackendwritteninAngularJSandPHP,https://github.com/rmatil/angular-cms
22,funson86/yii2-cms,ACmsextensionforYii2,https://github.com/funson86/yii2-cms
36,drastik/com.drastikbydesign.stripe,CMSIndependentStripepaymentprocessorforCiviCRM4.x,https://github.com/drastik/com.drastikbydesign.stripe
18,rmatil/angular-cms,AContentManagementSystemwithabackendwritteninAngularJSandPHP,https://github.com/rmatil/angular-cms
36,drastik/com.drastikbydesign.stripe,CMSIndependentStripepaymentprocessorforCiviCRM4.x,https://github.com/drastik/com.drastikbydesign.stripe
55,xiaohutai/jsonapi,[BoltExtension]JSONAPIforBoltCMS,https://github.com/xiaohutai/jsonapi
31,Coderberg/ResidenceCMS,OpenSourcePropertyManagementSystembasedonSymfony5.1,https://github.com/Coderberg/ResidenceCMS
287,htmlburger/wpemerge,"Amodern,MVC-poweredWordPressasaCMSworkflow.?",https://github.com/htmlburger/wpemerge
63,koala-framework/koala-framework,FrameworkandCMSbasedonZendFrameworkandExtJS,https://github.com/koala-framework/koala-framework
55,boboldehampsink/export,DEPRECATED-ExportpluginforCraftCMS,https://github.com/boboldehampsink/export
17,cakephp/cms-tutorial,ThecompletedCMStutorialforCakePHP,https://github.com/cakephp/cms-tutorial
26,tiipiik/OctoberCMS-RoomBooking,BookingpluginforOctoberCMS,https://github.com/tiipiik/OctoberCMS-RoomBooking
35,ahmednuaman/gdrive-cms-php,AsimpleCMSpoweredbyGoogleDrive(PHPversion),https://github.com/ahmednuaman/gdrive-cms-php
41,cskaza/cszcms,OpenSourceCMS(ContentManagementSystem)withCodeigniterandBootstrap.,https://github.com/cskaza/cszcms
111,silvershop/silvershop-core,SilverShopisane-commerceshoppingcartmodulefortheSilverStripeCMS,https://github.com/silvershop/silvershop-core
10,Dawnbrightsu/FusionCMS,,https://github.com/Dawnbrightsu/FusionCMS
19,zainstar/zaincms,zaincms,https://github.com/zainstar/zaincms
31,silverstripe-archive/silverstripe-googleanalytics,GoogleAnalyticsmoduleforSilverStripeCMS,https://github.com/silverstripe-archive/silverstripe-googleanalytics
53,bitrix-expert/monolog-adapter,MonologadapterforBitrixCMS,https://github.com/bitrix-expert/monolog-adapter
76,Beaten-Sect0r/yii2-core,Yii2Coreprojecttemplate,https://github.com/Beaten-Sect0r/yii2-core
6,Yekta-Core/Yekta-Cms,FusionCMSeditedYekta-Core,https://github.com/Yekta-Core/Yekta-Cms
17,Yekta-Core/FusionCMS,ACMSforWorldofWarcraftprivateservers,https://github.com/Yekta-Core/FusionCMS
23,GordonLesti/Lesti_Version,VersionControlforMagentoCMS,https://github.com/GordonLesti/Lesti_Version
110,elmsln/HAXcms,HAXwithalightweightCMSbackendtomanageyourmicrositeuniverse,https://github.com/elmsln/HAXcms
73,jdsdev/Embedder,EmbedderPluginforCraftCMS,https://github.com/jdsdev/Embedder
14,PhentomPT/PhentomCMS,TheBestWoWFreeCMS,https://github.com/PhentomPT/PhentomCMS
29,oc-shopaholic/oc-buddies-plugin,?OctoberCMSusersystem,https://github.com/oc-shopaholic/oc-buddies-plugin
14,teklynk/portfolioCMS,"Bootstrapportfoliowebsitewithadminpanel.PHP,MySQL.Fullyworking.Simplesetup.",https://github.com/teklynk/portfolioCMS
39,dgrigg/Craft-Migration-Manager,Deprecated-MigrationManagerforCraftCMS,https://github.com/dgrigg/Craft-Migration-Manager
11,thecyman/pulsecms-languages,LanguagefilesforPulseCMS,https://github.com/thecyman/pulsecms-languages
111,nukeviet/nukeviet,NukeVietCMSismultiContentManagementSystem.NukeVietCMSisthe1stopensourcecontentmanagementsysteminVie…,https://github.com/nukeviet/nukeviet
13,symphonycms/selectbox_link_field,SelectBoxLinkFieldforSymphonyCMS,https://github.com/symphonycms/selectbox_link_field
131,isotope/core,"CorerepositoryofIsotopeeCommerce,aneCommerceextensionforContaoOpenSourceCMS",https://github.com/isotope/core
12,liqpay/plugin-prestashop,LiqPaypluginforprestashopCMS,https://github.com/liqpay/plugin-prestashop
47,lautaroangelico/WebEngine,"WebEngineisanopen-source,fastandsecureCMSforprivateMuOnlinegameservers.",https://github.com/lautaroangelico/WebEngine
25,timReynolds/Bootstrap-PyroCMS-Theme,PyroCMSThemetemplatebuildontopofTwitter'sBootstraptoolkit,https://github.com/timReynolds/Bootstrap-PyroCMS-Theme
117,fromtheoutfit/navee,NavigationmoduleforCraftCMS,https://github.com/fromtheoutfit/navee
9,joomla/update.joomla.org,JoomlaCMSUpdateChannel,https://github.com/joomla/update.joomla.org
8,jesperlindstrom/FusionCMS-Localization,LanguagesupportforFusionCMS,https://github.com/jesperlindstrom/FusionCMS-Localization
360,roadiz/roadiz,RoadizisapolymorphicCMSbasedonanodesystemwhichcanhandlemanytypesofservices.,https://github.com/roadiz/roadiz
20,lochmueller/sourceopt,TYPO3CMSExtension-sourceopt,https://github.com/lochmueller/sourceopt
64,nystudio107/generator-craftplugin,generator-craftpluginisaYeomangeneratorforCraftCMSplugins,https://github.com/nystudio107/generator-craftplugin
25,symphonycms/jit_image_manipulation,JustinTimeImageManipulationforSymphonyCMS,https://github.com/symphonycms/jit_image_manipulation
25,symphonycms/jit_image_manipulation,JustinTimeImageManipulationforSymphonyCMS,https://github.com/symphonycms/jit_image_manipulation
43,prestaconcept/PrestaCMSSandboxBundle,"PrestaCMSSandboxisademoprojectforPrestaCMS,aSymfony2bundlebasedonSymfonyCMFwichprovidedcontentmanage…",https://github.com/prestaconcept/PrestaCMSSandboxBundle
35,flatCore/flatCore-CMS,flatCoreisaWebContentManagementSystem(CMS)basedonPHPandSQLite.,https://github.com/flatCore/flatCore-CMS
1,FooFKnight/CraftedWeb-1,ACMSforgameservers,https://github.com/FooFKnight/CraftedWeb-1
109,houdunwang/hdcms,支持PC、H5、微信公众号、微信小程序多应用平台,https://github.com/houdunwang/hdcms
181,Contentify/Contentify,ContentifyisanesportsCMSbasedonthePHPframeworkLaravel,https://github.com/Contentify/Contentify
22,choregus/puppyCMS,"Tiny,simple,flatfileCMSinPHPthatisSEOfriendlyandresponsive.There'snodatabaseforthiseasycontentman…",https://github.com/choregus/puppyCMS
16,daylightstudio/FUEL-CMS-Blog-Module,AblogmoduleforFUELCMS,https://github.com/daylightstudio/FUEL-CMS-Blog-Module
16,TankCJZ/TP5CMS,基于ThinkPHP5开发的CMS内容管理系统已停止维护,https://github.com/TankCJZ/TP5CMS
53,orchidcommunity/press,[WIP]PressCMS,https://github.com/orchidcommunity/press
26,defuse/helloworld-cms,AsimplecontentdisplaysysteminPHP.,https://github.com/defuse/helloworld-cms
9,danoxide/Anaconda,LightweightthemeforAnchorCMS.,https://github.com/danoxide/Anaconda
116,XOOPS/XoopsCore,CoreFrameworkfornextversionofXOOPSCMS:2.6.0,https://github.com/XOOPS/XoopsCore
10,everypony/tabun,CMSТабуна,https://github.com/everypony/tabun
48,rezaei121/raspina,RaspinacmspoweredbyYiiframework2,https://github.com/rezaei121/raspina
37,craig552uk/SingleCMS,ASinglePageCMS,https://github.com/craig552uk/SingleCMS
23,Smile-SA/magento2-module-elasticsuite-cms-search,CMSPageSearchforMagento2&ElasticSuite,https://github.com/Smile-SA/magento2-module-elasticsuite-cms-search
126,Firstborn/Craft-CMS-Migration-Manager,,https://github.com/Firstborn/Craft-CMS-Migration-Manager
366,nystudio107/seomatic,"DEPRECATEDAturnkeySEOimplementationforCraftCMS2.xthatiscomprehensive,powerful,andflexible",https://github.com/nystudio107/seomatic
124,D-xuanmo/xm-nuxtjs-wordpress,?Nuxt.js+WordpressRestApi,https://github.com/D-xuanmo/xm-nuxtjs-wordpress
41,boboldehampsink/auditlog,DEPRECATED-AuditLogPluginforCraftCMS,https://github.com/boboldehampsink/auditlog
33,ocproducts/composr,MOVEDTOGITLAB,https://github.com/ocproducts/composr
21,miguelbalparda/MB_Translate,TranslateCMSPagesinMagento,https://github.com/miguelbalparda/MB_Translate
201,centurion-project/Centurion,Centurionisanopen-sourceCMSdeliveredasaflexiblePHP5ContentManagementFramework,https://github.com/centurion-project/Centurion
86,mikaelstaer/The-Secretary,,https://github.com/mikaelstaer/The-Secretary
72,slackero/phpwcms,"Flexible,fast,powerful,customer,developerfriendlywebcontentmanagementsystemandcmsframework",https://github.com/slackero/phpwcms
44,alfredxing/cairn,"Simple,flat-fileCMS.",https://github.com/alfredxing/cairn
52,square-one/square-one-cms,SquareoneisalightdistributionofJoomla!,https://github.com/square-one/square-one-cms
28,prestaconcept/PrestaCMSCoreBundle,PrestaCMSisaSymfony2bundlebasedonSymfonyCMFwichprovidedcontentmanagementfeaturestoyourproject.,https://github.com/prestaconcept/PrestaCMSCoreBundle
4,Kittnz/FusionCMS-6,workswithoutkeycode,https://github.com/Kittnz/FusionCMS-6
164,pluxml/PluXml,"PluXml,MoteurdeBlogetCMSàl'XMLsansbasededonnées",https://github.com/pluxml/PluXml
149,unaio/una,UNA|CommunityManagementSystem,https://github.com/unaio/una
45,AlexStack/Laravel-CMS,SimpleBootstrapLaravelCMS.CanintegratetoanyexistingLaravelproject.Onlyaddfewdatabasetableswithprefix…,https://github.com/AlexStack/Laravel-CMS
26,silverstripe-archive/silverstripe-cmsworkflow,WorkflowmoduleforSilverStripeCMS,https://github.com/silverstripe-archive/silverstripe-cmsworkflow
26,Kitesky/KiteCMS,KiteCMS系统基于Thinkphp5.1.37版本开发，真正的开源免费，可以用于商业目的，无需任何授权。后续会不断的完善优化系统，开发更多实用的模块，插件，模板。官方QQ群：3337800。后台管理演示地址：http://…,https://github.com/Kitesky/KiteCMS
124,craftapi/htmlcache,HTMLCachepluginforCraftCMS:makeCraftfaster!,https://github.com/craftapi/htmlcache
123,BarryMode/grav-plugin-blackhole,ThestaticsitegeneratorforGravCMS,https://github.com/BarryMode/grav-plugin-blackhole
19,mappiamo/mapi-geoCMS,"MAPPIAMOmainrepository.ThegeoCMSformappingsitebuiltwith<3,openstreetmap,leaflet,bootstrap,php,mysql....",https://github.com/mappiamo/mapi-geoCMS
10,unclecheese/Mappable,MappablemoduleforSilverStripeCMS,https://github.com/unclecheese/Mappable
384,spicywebau/craft-neo,AMatrix-likefieldtypeforCraftCMSthatusesexistingfields,https://github.com/spicywebau/craft-neo
38,symphonists/rest_api,ARESTAPIforSymphonyCMS,https://github.com/symphonists/rest_api
10,unclecheese/Mappable,MappablemoduleforSilverStripeCMS,https://github.com/unclecheese/Mappable
21,JojoCMS/Jojo-CMS,"JojoisanSEO-friendly,fast,andextensiblePHP-basedCMS",https://github.com/JojoCMS/Jojo-CMS
26,IMAmuseum/tap-cms,"AuthoringtoolsfortheTAPmobileapplicationsoftwareplatform,builtontopofDrupal.Learnmoreabouttheprojec…",https://github.com/IMAmuseum/tap-cms
73,bluehawk/kohanut,AnextensibleCMSwritteninKohana3.,https://github.com/bluehawk/kohanut
25,remijean/ZwiiCMS,ZwiiestunCMSsansbasededonnées(Flat-File)quipermetàsesutilisateursdecréeretgérerfacilementunsitew…,https://github.com/remijean/ZwiiCMS
36,toughdeveloper/oc-imageresizer-plugin,OctoberCMSPlugintoresizeandcompressimages,https://github.com/toughdeveloper/oc-imageresizer-plugin
16,WBCE/WBCE_CMS,CorepackageofWBCECMS.Thispackageincludesthecoreandthedefaultaddons.Visithttps://wbce.org(DE)orhttps…,https://github.com/WBCE/WBCE_CMS
,juniorth6/cms,"OWebSheepéumaplicativousadoparacriar,editar,gerenciarepublicarconteúdodeformaconsistentementeorganiza…",https://github.com/juniorth6/cms
89,TimOetting/kirby-gallery,AgalleryfieldforKirbyCMS,https://github.com/TimOetting/kirby-gallery
89,TimOetting/kirby-gallery,AgalleryfieldforKirbyCMS,https://github.com/TimOetting/kirby-gallery
6,TYPO3/CmsComposerPackageGenerator,,https://github.com/TYPO3/CmsComposerPackageGenerator
39,3tnet/t-cms,T-cmsisasimplecmsbasedonlaravel(此项目已经过时，新项目https://github.com/3tnet/tiny),https://github.com/3tnet/t-cms
28,benfreke/oc-menumanager-plugin,AMenuManagementPluginforOctoberCMS,https://github.com/benfreke/oc-menumanager-plugin
9,cbunting99/OpenCMS,OpenCMSisbasedonthepreviouslyFreeReleasedVersionofFusionCMS!,https://github.com/cbunting99/OpenCMS
51,craftcms/server-check,CraftCMSserverrequirementschecker,https://github.com/craftcms/server-check
26,guilleva/Xmap,XmapisasitemapgeneratorforJoomlaCMS,https://github.com/guilleva/Xmap
20,mocdk/MOC.Varnish,VarnishintegrationforNeosCMS,https://github.com/mocdk/MOC.Varnish
82,hillholliday/Craft-User-Manual,?HelpSectionPluginforCraftCMS.,https://github.com/hillholliday/Craft-User-Manual
82,getkirby/starterkit,Kirby'sdemositeistheeasiestwaytogetstartedwithKirby.,https://github.com/getkirby/starterkit
82,hillholliday/Craft-User-Manual,?HelpSectionPluginforCraftCMS.,https://github.com/hillholliday/Craft-User-Manual
27,ttimot24/HorizontCMS,"LightweightCMSbuiltonLaravel6,VueJs2.6andBootstrap3.4.1.",https://github.com/ttimot24/HorizontCMS
253,PhileCMS/Phile,AflatfileCMSwithaswappableparserandtemplateengine.,https://github.com/PhileCMS/Phile
39,frozeman/feindura-flat-file-cms,feindura-FlatFileContentManagementSystem,https://github.com/frozeman/feindura-flat-file-cms
13,bahdcasts/laravel-cms-2019,,https://github.com/bahdcasts/laravel-cms-2019
1100,Piwigo/Piwigo,"ManageyourphotoswithPiwigo,afullfeaturedopensourcephotogalleryapplicationfortheweb.StarusonGithub!…",https://github.com/Piwigo/Piwigo
72,amacneil/cocktailrecipes,AnexamplepluginforCraftCMS,https://github.com/amacneil/cocktailrecipes
3,samsonos/cms,Modularcontentmanagementsystem,https://github.com/samsonos/cms
48,magicblack/maccms8,"苹果cms-v8,maccms-v8,开源CMS,视频分享程序,文章程序,专题程序,免费程序",https://github.com/magicblack/maccms8
86,sruupl/batflat,"Lightweight,fastandeasyCMSforfree.Bootstrapready.https://batflat.org",https://github.com/sruupl/batflat
20,dgrigg/craft-migration-assistant,MigrationManagerforCraftCMS,https://github.com/dgrigg/craft-migration-assistant
44,boboldehampsink/translate,DEPRECATED-TranslatepluginforCraftCMS,https://github.com/boboldehampsink/translate
,fakharkhan/thorcms,ThorCMSFrameworkstarterapplication(formerlyLaravel4CMSStarter),https://github.com/fakharkhan/thorcms
175,nasirkhan/laravel-starter,ACMSlikemodularstarterapplicationprojectbuiltwithLaravel7.,https://github.com/nasirkhan/laravel-starter
12,zirenxiao/PbootCMS,KernelDecrypted,https://github.com/zirenxiao/PbootCMS
49,contao/check,ContaoCheck,https://github.com/contao/check
,alexandergross/sitepress-multilingual-cms,"WPMLMultilingualCMS,Git-ified.Syncedmanual!ThisrepositoryisjustamirroroftheMemberPressplugin.Pleased…",https://github.com/alexandergross/sitepress-multilingual-cms
716,luyadev/luya,"LUYAisascalablewebframeworkandcontentmanagementsystemwiththegoaltopleasedevelopers,clientsandusers…",https://github.com/luyadev/luya
37,hybridinteractive/craft-contact-form-extensions,AddsextensionstotheCraftCMScontactformplugin.,https://github.com/hybridinteractive/craft-contact-form-extensions
30,oc-shopaholic/oc-toolbox-plugin,?ToolboxpluginforOctoberCMS,https://github.com/oc-shopaholic/oc-toolbox-plugin
1,Orlac/yiiframework-cms,Yiiframework.co.ilCMSApplication,https://github.com/Orlac/yiiframework-cms
27,arnia/Karybu,anewCMSvision,https://github.com/arnia/Karybu
47,elkuku/EasyCreator,EasyCreatorhelpscreatingextensionsfortheJoomla!CMS,https://github.com/elkuku/EasyCreator
82,DrewDahlman/headless-wordpress,AheadlessCMSforpublishingstaticJSONforconsumption.,https://github.com/DrewDahlman/headless-wordpress
3,Kittnz/EmuDevstore,EmuDevstoreCMS,https://github.com/Kittnz/EmuDevstore
44,getkirby/getkirby.com,SourcecodeandcontentfortheKirbywebsite,https://github.com/getkirby/getkirby.com
8,laravelish/tvstreamscript,TvStreamScript-THELEADINGTV&MOVIESTREAMINGCMS.,https://github.com/laravelish/tvstreamscript
8,anand-patel/oc-seo-extension,SEOExtensionforOctoberCMSPages,https://github.com/anand-patel/oc-seo-extension
18,yandex-money/yandex-money-cms-omnipay,,https://github.com/yandex-money/yandex-money-cms-omnipay
60,codepolitanlab/pusakacms,PusakaCMSisafile-basedContentManagementSystembuiltontopofCodeIgniterFramework,https://github.com/codepolitanlab/pusakacms
16,sup7even/mailchimp,MailchimpIntegrationinTYPO3CMS,https://github.com/sup7even/mailchimp
23,assertchris-tutorials/laravel-4-file-based-cms,,https://github.com/assertchris-tutorials/laravel-4-file-based-cms
21,doorgets/doorGets,"CMSPHPdoorGetsoffersafree,fullyscalable,Open-sourceCMSPHPWebsitesolution.",https://github.com/doorgets/doorGets
27,OFFLINE-GmbH/oc-responsive-images-plugin,AddsreponsiveimagescapabilitiestoOctoberCMS,https://github.com/OFFLINE-GmbH/oc-responsive-images-plugin
31,NC22/webMCR,[OUTDATED]CMSwithscriptsforrealize"online-mode"inMinecraft.,https://github.com/NC22/webMCR
30,elivz/VzAddress-Craft,AddressfieldtypefortheCraftCMS,https://github.com/elivz/VzAddress-Craft
61,craftcms/store-hours,ManagebusinesshourswithCraftCMS,https://github.com/craftcms/store-hours
54,silverstripe/silverstripe-tagfield,SilverStripemoduleforeditingtags(bothintheCMSandotherforms),https://github.com/silverstripe/silverstripe-tagfield
30,kitpages/KitpagesCmsBundle,SimpleanduserfriendlyCMS.Canbeaddedasabundleinanexistingproject.,https://github.com/kitpages/KitpagesCmsBundle
8,flame-cms/CMS,SimpleandsmartCMSbasedonframeworkFlame,https://github.com/flame-cms/CMS
13,fredtempez/ZwiiCMS,ZwiiCMS:votresiteWebfacileetsansbasededonnées,https://github.com/fredtempez/ZwiiCMS
11,rjchauhan/RJSlider-for-OctoberCMS,Createaimagesliderforyourwebsiteusingdeviceindependentdesignandadvancecustomizationoptions.,https://github.com/rjchauhan/RJSlider-for-OctoberCMS
8,symphonycms/debugdevkit,DebugDevKitforSymphonyCMS,https://github.com/symphonycms/debugdevkit
114,contao/core-bundle,[READ-ONLY]ContaoCoreBundle,https://github.com/contao/core-bundle
56,carlcs/craft-redactorcustomstyles,RedactorCustomStylespluginforCraftCMS,https://github.com/carlcs/craft-redactorcustomstyles
16,augustocc/axe,CMSestáticoemPHP,https://github.com/augustocc/axe
266,e107inc/e107,"e107BootstrapCMS(ContentManagementSystem)v2withPHP,MySQL,HTML5,jQueryandTwitterBootstrap.IssueDiscuss…",https://github.com/e107inc/e107
16,gnat/nc-cms,"?Embeddable,lightweight,simplePHPCMS.ContentManagementSystem.",https://github.com/gnat/nc-cms
38,distantnative/footnotes,FootnotesforKirby2CMS,https://github.com/distantnative/footnotes
27,sheadawson/silverstripe-editlock,PreventsaCMSuserfromeditingarecordthatanotherCMSuseriscurrentlyediting,https://github.com/sheadawson/silverstripe-editlock
38,distantnative/footnotes,FootnotesforKirby2CMS,https://github.com/distantnative/footnotes
9,Drunyacoder/AtomXCMS-2,FreeCMS-AtomX2,https://github.com/Drunyacoder/AtomXCMS-2
10,coolcsn/CsnCms,ZendFramework2CMSsystem,https://github.com/coolcsn/CsnCms
238,redaxscript/redaxscript,"Amodern,ultralightweightandrocketfastContentManagementSystem",https://github.com/redaxscript/redaxscript
26,ventoviro/windwalker-joomla-rad,WindwalkerRADframeworkforJoomlaCMS,https://github.com/ventoviro/windwalker-joomla-rad
16,EQdkpPlus/core,EQdkpPlus-TheGamerCMS&DKPSystem-Core,https://github.com/EQdkpPlus/core
12,ImpressCMS/impresscms,"Amultilingual,fastCMSdevelopedinPHP",https://github.com/ImpressCMS/impresscms
20,boiteasite/cmsuno,Aneasyandclevertooltocreateone-pageresponsivewebsites,https://github.com/boiteasite/cmsuno
7,symphonycms/export_ensemble,ExportEnsembleforSymphonyCMS,https://github.com/symphonycms/export_ensemble
26,netzmacht-archive/contao-bootstrap,**abandoned**IntegetrateBootstrap3intoContaoCMS,https://github.com/netzmacht-archive/contao-bootstrap
19,mnoskov/commerce,CommerceforEvolutionCMS,https://github.com/mnoskov/commerce
20,tzyganu/CmsRewrites,SmallMagentoextensionthatallowsyoutogeneraterewritesrulesforcmspagesfordifferentstores,https://github.com/tzyganu/CmsRewrites
14,tcm-project/tangocms,OpenSourcePHPCMS,https://github.com/tcm-project/tangocms
19,ramainen/doit-cms,Простаясистемаадминистрированияифреймворк.Впервуюочередьфреймворк.,https://github.com/ramainen/doit-cms
7,kartolo/direct_mail_subscription,AnewslettersubscriptionformforTYPO3CMS,https://github.com/kartolo/direct_mail_subscription
13,uatrend/pagekit,PagekitCMS,https://github.com/uatrend/pagekit
19,FirestarterUA/shop,OctoberCMSFireShopplugin.ПлагинМагазинаOcotberCMS,https://github.com/FirestarterUA/shop
16,fmsdwifull/tp5cms,一个基于thinkphp5的cms框架，前端采用swiper+bootstrap+自定义layout，外观相当美观。考虑到目前市场成熟的基于php的cms都商业收费，具有一定的使用成本，而且比较难定制开发，故本人收集到该代码时首先考虑…,https://github.com/fmsdwifull/tp5cms
11,depage/depage-cms,Aphpbasedcontentmanagementsystemforsmalltomediumsites,https://github.com/depage/depage-cms
5,MineWeb/Plugin-Vote,VotepluginofMineWebCMS,https://github.com/MineWeb/Plugin-Vote
5,wattz1979/WARCRY-CMS,WoWCMS,https://github.com/wattz1979/WARCRY-CMS
68,distantnative/panel-bar,panelBarforKirby2CMS,https://github.com/distantnative/panel-bar
18,BlackPepperSoftware/docker-craftcms,DockerimageforCraftCMS.,https://github.com/BlackPepperSoftware/docker-craftcms
60,niceandserious/crafty-vagrant,Aboilerplatedevenvironmentforjump-startingCraftCMSprojects,https://github.com/niceandserious/crafty-vagrant
31,SnowdogApps/magento2-cms-api,CustomCMSAPIendpointswhichretrievesCMSpagesandblocksfiltered,https://github.com/SnowdogApps/magento2-cms-api
48,mindstellar/Osclass,"WithOsclass,getyourownclassifiedssiteforfree.BuildyourownOsclassinstallationandstartadvertisingreal…",https://github.com/mindstellar/Osclass
206,Typesetter/Typesetter,OpensourceCMSwritteninPHPfocusedoneaseofusewithtrueWYSIWYGeditingandflat-filestorage.,https://github.com/Typesetter/Typesetter
127,verbb/image-resizer,ACraftCMSplugintoresizeimagesonupload.,https://github.com/verbb/image-resizer
37,kirby-deprecated-plugins/kirby-revisions,RevisionsforKirbyCMS,https://github.com/kirby-deprecated-plugins/kirby-revisions
490,zblogcn/zblogphp,Z-BlogPHP博客程序,https://github.com/zblogcn/zblogphp
6,lochmueller/faq,TYPO3CMSExtension-faq,https://github.com/lochmueller/faq
22,nmarulo/softn-cms,Sistemadegestióndecontenidos,https://github.com/nmarulo/softn-cms
28,kevinbluett/LotusCMS-Content-Management-System,,https://github.com/kevinbluett/LotusCMS-Content-Management-System
9,ldmco/Ksenmart,ComponentforCMSJoomla,https://github.com/ldmco/Ksenmart
4,yeesoft/yii2-yee-core,CoreModuleForYeeCMS,https://github.com/yeesoft/yii2-yee-core
21,bombayworks/currycms,CurryCMSisanopen-sourceContentManagementSystem(CMS)forPHP5.3.,https://github.com/bombayworks/currycms
11,beardcoder/sitemap_generator,Easytouse#TYPO3#CMSSitemapGenerator.,https://github.com/beardcoder/sitemap_generator
11,ChassisPHP/ChassisPHP,APHPframeworkbuilttosimplifyCMSsitecreation.,https://github.com/ChassisPHP/ChassisPHP
12,tanprathan/CMS-XPL,CMSExploitScripts,https://github.com/tanprathan/CMS-XPL
139,b2evolution/b2evolution,b2evolutionCMS:Multiblog/CMScontentpublishing+forums+emailmarketing+socialnetwork+more...b2evolutioni…,https://github.com/b2evolution/b2evolution
22,Flynsarmy/oc-idehelper-plugin,IDEHelpersforOctoberCMS,https://github.com/Flynsarmy/oc-idehelper-plugin
16,meanbee/magento-cmspagerevisions,MaintainahistoryofCMSpagesandstaticblocksinMagento1withthisextension,https://github.com/meanbee/magento-cmspagerevisions
36,magento-hackathon/FireGento_FlexCms,Makescontenteditingforcategoryandotherpagesmuchmoreuserfriendlyandflexible.Createnewcontentelements…,https://github.com/magento-hackathon/FireGento_FlexCms
53,lansuite/lansuite,AContentManagementSystemdesignedespeciallyfortheneedsofLAN-Parties,https://github.com/lansuite/lansuite
12,DiemenDesign/LibreCMS,"FreeOpenSourceContentManagementSystem,basedonPHP,BootstrapandjQuery.",https://github.com/DiemenDesign/LibreCMS
10,javawebmedia/cifour,SimpleCMSUsingCodeigniter4,https://github.com/javawebmedia/cifour
72,distantnative/embed,MediaembedpluginforKirby2CMS,https://github.com/distantnative/embed
8,symphonycms/maintenance_mode,MaintenanceModeforSymphonyCMS,https://github.com/symphonycms/maintenance_mode
5,allinside/Yii-CMS,,https://github.com/allinside/Yii-CMS
28,JBZoo-CCK/JBlank,J!BlankisJoomlaCMSblanktemplatefordevelopers,https://github.com/JBZoo-CCK/JBlank
28,JBZoo-CCK/JBlank,J!BlankisJoomlaCMSblanktemplatefordevelopers,https://github.com/JBZoo-CCK/JBlank
69,Azuriom/Azuriom,"Azuriomisamodern,reliable,fastandsecuregameCMS.",https://github.com/Azuriom/Azuriom
15,VictorAlagwu/CMSsite,ASimpleContentManagementSystem-CodedUsingMostlyProceduralProgrammingStyleinPHP,https://github.com/VictorAlagwu/CMSsite
105,novius-os/novius-os,"CreateOncePublishEverywherewithNoviusOS,aCross-ChannelOpenSourceCMS.",https://github.com/novius-os/novius-os
678,magicblack/maccms10,"苹果cms-v10,maccms-v10,开源CMS,内容管理系统,视频分享程序,分集剧情程序,网址导航程序,新闻程序,漫画程序,图片程序",https://github.com/magicblack/maccms10
67,amacneil/craft-inspector,AhelpfulinspectorpluginforCraftCMS,https://github.com/amacneil/craft-inspector
48,TimOetting/kirby-list-field,AcustomlistfieldforKirbyCMS,https://github.com/TimOetting/kirby-list-field
405,northosts/wuxt,"Nuxt/WordPressdevelopmentenvironment,combiningtheworldsbiggestCMSwiththemostawesomefront-endapplication…",https://github.com/northosts/wuxt
19,idreamsoft/wxAppCMS,"wxAppCMS微信小程序管理系统一款免费、简洁、高效、好用的微信小程序管理系统,为微信小程序提供一个完美的开源解决方案。",https://github.com/idreamsoft/wxAppCMS
12,joomla/joomla-cms-examples,READONLY;usefulcodeshouldbemovedtoJdocs,https://github.com/joomla/joomla-cms-examples
37,worksolutions/bitrix-module-tools,ООПФреймворкразработкипроектовнаCMSBitrix,https://github.com/worksolutions/bitrix-module-tools
8,adrianortiz/laravel-my-store,LittleCMSStore,https://github.com/adrianortiz/laravel-my-store
25,redkite-labs/RedKiteCmsBundle,DEPRECATED[READ-ONLY]RedKIteCMScorebundle,https://github.com/redkite-labs/RedKiteCmsBundle
22,boboldehampsink/zipassets,DEPRECATED-ZipAssetspluginforCraftCMS,https://github.com/boboldehampsink/zipassets
18,huangweimin/Thinkphp_CMS,ThinkPHP企业网站CMS,https://github.com/huangweimin/Thinkphp_CMS
13,scheb/open-apexx,OpensourcedistributionofapexxCMS,https://github.com/scheb/open-apexx
10,alansary/HospitalCMS,Afullhospitalmanagementsystem,https://github.com/alansary/HospitalCMS
74,Viper-7/Deployable-PHP-Codepad,"WebApplication(stillalpha!)usingGearman,JailkitandSilverStripeCMS",https://github.com/Viper-7/Deployable-PHP-Codepad
24,johndwells/craft.territories,TerritoriesFieldtypeforCraftCMS,https://github.com/johndwells/craft.territories
14,romadebrian/WEB-Sekolah,SourceCodeuntukWebsekolah(CMS),https://github.com/romadebrian/WEB-Sekolah
107,fvsch/kirby-staticbuilder,StaticHTMLexporterforKirbyCMS(v2only),https://github.com/fvsch/kirby-staticbuilder
8,gintonicweb/GintonicCMS,Thispackageisnotmaintained,https://github.com/gintonicweb/GintonicCMS
16,symbiote/silverstripe-notifications,SendCMSmanagedsystemnotificationsfromcode,https://github.com/symbiote/silverstripe-notifications
70,enigmadigital/ArtVandelay,PlugintoallowimportingandexportingfieldsinCraftCMS,https://github.com/enigmadigital/ArtVandelay
17,RooCMS/RooCMS,RooCMS-Thisiseasyandconvenientcontentmanagementsystemdesignedtoquicklycreatewebsites.,https://github.com/RooCMS/RooCMS
162,spicywebau/craft-embedded-assets,"ManageYouTubevideos,Instagramphotos,TwitterpostsandmoreasfirstclassassetsinCraftCMS",https://github.com/spicywebau/craft-embedded-assets
8,silverstripe-archive/silverstripe-mollom,MollomspamprotectionmoduleforSilverStripeCMS,https://github.com/silverstripe-archive/silverstripe-mollom
4,gedelumbung/MagazineCMS,JustSimpleMagazine/NewsCMSwithCodeIgniter,https://github.com/gedelumbung/MagazineCMS
80,xpressengine/xe-core,XpressEngine1.x,https://github.com/xpressengine/xe-core
46,Fanli2012/nbnbk,基于thinkphp5的cms管理系统，B2C电商开源php商城系统平台，tp5开源cms，thinkphp企业网站源码，适合博客、中小企业建站二次开发。,https://github.com/Fanli2012/nbnbk
46,Fanli2012/nbnbk,基于thinkphp5的cms管理系统，B2C电商开源php商城系统平台，tp5开源cms，thinkphp企业网站源码，适合博客、中小企业建站二次开发。,https://github.com/Fanli2012/nbnbk
21,rskuipers/RK_TypeCMS,"Magentomodule,allowsyoutoeasilydefinepagetypeswithcustomfields/templatesfortheCMS.",https://github.com/rskuipers/RK_TypeCMS
6,liqpay/plugin-bitrix,LiqPaypluginforbitrixCMS,https://github.com/liqpay/plugin-bitrix
12,wp-premium/wpml-cms-nav,"WPMLCMSNav,Git-ified.Syncedmanual!ThisrepositoryisjustamirroroftheWPMLCMSNavplugin.Pleasedonotse…",https://github.com/wp-premium/wpml-cms-nav
12,HeavyDots/heavyCMS,HeavyDotsCMS-OpensourceCMSbasedonYii2,https://github.com/HeavyDots/heavyCMS
15,panakour/oc-backup-plugin,BackupsystemforOctoberCMS,https://github.com/panakour/oc-backup-plugin
22,Sunvas/Eleanor-CMS,EleanorCMSisfreeopensourcemultilanguageContentManagementSystem,https://github.com/Sunvas/Eleanor-CMS
8,silverstripe/silverstripe-segment-field,,https://github.com/silverstripe/silverstripe-segment-field
21,densetubu/SetucoCMS,_kおよびサポ`トはK了しました。ご利用ありがとうございました。,https://github.com/densetubu/SetucoCMS
12,DeuxHuitHuit/multilingual_field,MultilingualTextboxfieldforSymphonyCMS,https://github.com/DeuxHuitHuit/multilingual_field
19,kalebheitzman/grav-plugin-events,ThispluginprovidesCalendarEventsforGravCMS,https://github.com/kalebheitzman/grav-plugin-events
143,veerupandey/Penetration-Testing-Toolkit,"AwebinterfacetoautomateScanning,Generatingmetasploitpayload,NetworkTesting,ExploringCMS,InformationGather…",https://github.com/veerupandey/Penetration-Testing-Toolkit
26,symphonycms/xssfilter,AnXSSfilterforEventsinSymphonyCMS,https://github.com/symphonycms/xssfilter
11,qexyorg/WebMCR,WebMCR-ReloadedCMS,https://github.com/qexyorg/WebMCR
66,jancbeck/kirby-responsive-images,BringresponsiveimagestoKirbyCMS,https://github.com/jancbeck/kirby-responsive-images
8,Pathologic/Comments,commentsforEvolutionCMS,https://github.com/Pathologic/Comments
21,zhangqiquan/shopxian_cms,"秀仙cms是一套开源免费自适应的网站建站系统，我们的团队有着多年的BS架构系统开发经验,努力打造成为最全面的服务平台。电脑网站、手机网站和微信网站三合一,助力企业营销,促进企业发展,并有我们自主开发的后台管理界面,即使不懂代码也能轻松搞定。",https://github.com/zhangqiquan/shopxian_cms
163,barrelstrength/craft-master,"Acustom,multi-environmentsetupandexampletemplatesforCraftCMS",https://github.com/barrelstrength/craft-master
139,WebTales/rubedo,"AnopensourcePHPCMS/Commerce,basedonZendFramework,MongoDB,Elasticsearch&AngularJS.FirstBehaviorDrivenC…",https://github.com/WebTales/rubedo
25,niklausgerber/monochrome,AfullyresponsiveKirbyCMStheme,https://github.com/niklausgerber/monochrome
16,escopecz/grav-ganalytics,GoogleAnalyticspluginforGravCMS,https://github.com/escopecz/grav-ganalytics
6,fnagel/beautyofcode,TYPO3CMSExtensionbeautyofcode,https://github.com/fnagel/beautyofcode
5,Project-Reborn/WarCry-CMS,WorkingWarCryCMS,https://github.com/Project-Reborn/WarCry-CMS
108,BurdaMagazinOrg/thunder-distribution,ADrupal8basedplatformforprofessionalpublishers,https://github.com/BurdaMagazinOrg/thunder-distribution
7,LordPsyan/InfinityCoreCMS,phpbbbasedcmsforwowprivateservers,https://github.com/LordPsyan/InfinityCoreCMS
6,rustyJ4ck/SatCMS,"MultisiteCMS:Bootstrap3,jQuery,AngularJS,PHP,MySQL/SQLite",https://github.com/rustyJ4ck/SatCMS
10,muhammedessa/laravel-5-_project-cms-v4,,https://github.com/muhammedessa/laravel-5-_project-cms-v4
24,rainlab/notify-plugin,AnotificationengineforOctoberCMS,https://github.com/rainlab/notify-plugin
37,supercool/tablemaker,Auser-definabletablefieldtypeforCraftCMS,https://github.com/supercool/tablemaker
17,silverstripesk/silverstripe-disqus,DisqusmoduleforSilverStripeCMS,https://github.com/silverstripesk/silverstripe-disqus
10,xtranophilist/awecms,[core]Awecms-AwesomeCMS,https://github.com/xtranophilist/awecms
10,glFusion/glfusion,glFusionCMS-AdvancedContentManagementwithStyle,https://github.com/glFusion/glfusion
538,textpattern/textpattern,"Aflexible,elegant,fastandeasy-to-usecontentmanagementsystemwritteninPHP.",https://github.com/textpattern/textpattern
11,joostina/joostina,JoostinaCMS,https://github.com/joostina/joostina
13,thyseus/yay-cms,YetanotherYiiContentManagementSystem,https://github.com/thyseus/yay-cms
9,AgniCMS/agni-cms,FreecmsbuildonCodeigniterframework.Thisprojectisnolongermaintained.,https://github.com/AgniCMS/agni-cms
12,infoweb-internet-solutions/yii2-cms-analytics,CMSGoogleAnalyticswidgetforYii2,https://github.com/infoweb-internet-solutions/yii2-cms-analytics
27,akhileshdarjee/origin-cms,OriginCMSforLaravel5.5tokickstartyourwebapplications,https://github.com/akhileshdarjee/origin-cms
59,wbrowar/craft-guide,ACMSGuideforCraftCMS.,https://github.com/wbrowar/craft-guide
20,alexxxnf/passRest,СкриптдлявосстановленияпароляадминисраторавCMS1C-Bitrix,https://github.com/alexxxnf/passRest
20,alexxxnf/passRest,СкриптдлявосстановленияпароляадминисраторавCMS1C-Bitrix,https://github.com/alexxxnf/passRest
15,appstucco/LDAP-for-PyroCMS,LDAPforPyroCMSwithIon_AuthBackend,https://github.com/appstucco/LDAP-for-PyroCMS
19,Menaprocms/menapro,CMSof2017,https://github.com/Menaprocms/menapro
,crouillon/BackBee,"BackBee,theNextGenerationOpen-SourceCMS",https://github.com/crouillon/BackBee
107,clubstudioltd/craft-asset-rev,ACraftCMSplugintohelpwithcachebusting,https://github.com/clubstudioltd/craft-asset-rev
7,WoWTech/unnamed-cms-releases,StorageforUnnamedCMSpublicreleases,https://github.com/WoWTech/unnamed-cms-releases
32,wja-no/craft-weighted-search,WeightedsearchforCraftCMS,https://github.com/wja-no/craft-weighted-search
21,unclecheese/LangEditor,LangEditormoduleforSilverStripeCMS,https://github.com/unclecheese/LangEditor
64,slawkens/myaac,Afreeandopen-sourceAutomaticAccountCreator(AAC)writteninPHP,https://github.com/slawkens/myaac
10,sonata-project/SonataArticleBundle,Advancedarticlemanagement,https://github.com/sonata-project/SonataArticleBundle
16,silverstripe/silverstripe-sharedraftcontent,Sharedraftpagecontentwithnon-CMSusers,https://github.com/silverstripe/silverstripe-sharedraftcontent
17,axllent/silverstripe-cms-tweaks,Moduletoaddaseriesoftweaks/modificationstotheSilverStripeCMS,https://github.com/axllent/silverstripe-cms-tweaks
10,poszer/FusionCMS,FusionCMSForWorldofWarcraftprivateservers--Templates&ModulesonRequest,https://github.com/poszer/FusionCMS
7,lochmueller/google_services,TYPO3CMSExtension-google_services,https://github.com/lochmueller/google_services
14,elybin/ElybinCMS,"ElybinCMS-Sistemmenejemenkontengratis(opensource)yangberfokuskepadakegunaan,kecepatandankemudahan.Ind…",https://github.com/elybin/ElybinCMS
65,doublesecretagency/craft-siteswitcher,SiteSwitcherpluginforCraftCMS,https://github.com/doublesecretagency/craft-siteswitcher
16,pixney/pyrocms-cheatsheet,PyroCMS-CheatSheet,https://github.com/pixney/pyrocms-cheatsheet
68,taosir/wtcms,基于thinkphp的内容管理系统，可快速搭建个人博客、公司学校官网、新闻类站点。,https://github.com/taosir/wtcms
283,PodcastGenerator/PodcastGenerator,OpenSourcePodcastPublishingSolutionsince2006,https://github.com/PodcastGenerator/PodcastGenerator
9,georgetour/Custom-CMS-like-Wordpress,CustomCMSwithPHP/MySql,https://github.com/georgetour/Custom-CMS-like-Wordpress
15,googleinurl/Wordpress-A.F.D-Verification,CheckArbitraryFileDownloadtheCMSWordpress,https://github.com/googleinurl/Wordpress-A.F.D-Verification
131,silverstripe/silverstripe-userforms,UserFormsmoduleprovidesavisualformbuilderfortheSilverStripeCMS.Nocodingrequiredtobuildformssuchasc…,https://github.com/silverstripe/silverstripe-userforms
198,instantsoft/icms2,OfficialRepositoryforInstantCMS2.x,https://github.com/instantsoft/icms2
12,codeQuake/Fireball,FireballCMSisanOpenSourceContentManagementSystemforWoltLabSuiteCore,https://github.com/codeQuake/Fireball
19,Gargaj/wuhu,LightweightPartyManagementSystem,https://github.com/Gargaj/wuhu
5,MOPCON/Equipment-management-system,ThisisMOPCONcontentmanagersystem.,https://github.com/MOPCON/Equipment-management-system
37,mrtopher/dashEE,ControlpaneldashboardframeworkforEECMS.,https://github.com/mrtopher/dashEE
31,beechit/fal_securedownload,AnextensionforTYPO3CMSwhichaddssecuredownloadstoFAL,https://github.com/beechit/fal_securedownload
45,JVMartin/angel-core,AngelisaCMSbuiltontopofLaravel4.,https://github.com/JVMartin/angel-core
19,notamedia/bitrix-i18n,TheinternationalizationmoduleforBitrixCMS,https://github.com/notamedia/bitrix-i18n
22,symphonycms/wg,SymphonyCMSWorkingGroups,https://github.com/symphonycms/wg
8,tutsplus/Build-a-CMS-With-Symfony2,SourceFilesfortheTuts+Course:BuildaCMSWithSymfony2,https://github.com/tutsplus/Build-a-CMS-With-Symfony2
50,fabricasapiens/Wi3,ModernHTML5CMSbasedonKohana3,https://github.com/fabricasapiens/Wi3
15,mautic/mautic-grav,MauticintegrationintoGravCMS,https://github.com/mautic/mautic-grav
13,xydac/WP-Ultimate-CMS,WordPressUltimateCMSplugin,https://github.com/xydac/WP-Ultimate-CMS
33,bymayo/craft-commerce-widgets,InsightfulwidgetsforCraftCMSCommercestores,https://github.com/bymayo/craft-commerce-widgets
22,sitegeist/Sitegeist.Kaleidoscope,ResponsiveImagesforNeosCMS,https://github.com/sitegeist/Sitegeist.Kaleidoscope
8,silverstripe/recipe-cms,SilverStriperecipeforfullyfeaturedpageandassetcontentediting,https://github.com/silverstripe/recipe-cms
13,ChristianGiupponi/Disqus-For-PyroCMS,DisqusForPyroCMS,https://github.com/ChristianGiupponi/Disqus-For-PyroCMS
82,helhum/TYPO3-Distribution,AdistributionpackageforTYPO3CMSwithaddedtypo3_consolesupport,https://github.com/helhum/TYPO3-Distribution
10,netzmacht-archive/contao-theme-plus,ThemeImprovementsforContaoCMS,https://github.com/netzmacht-archive/contao-theme-plus
13,ChristianGiupponi/Disqus-For-PyroCMS,DisqusForPyroCMS,https://github.com/ChristianGiupponi/Disqus-For-PyroCMS
21,ezsystems/ezplatform-graphql,"GraphQLserverforeZPlatform,theopensourceSymfonyCMS.",https://github.com/ezsystems/ezplatform-graphql
13,Yukinoshita47/cyber-attack-system-1.2.1-darknime,CMSExploiterversiopensourcepenyempurnaandariProjectNekoGirl,https://github.com/Yukinoshita47/cyber-attack-system-1.2.1-darknime
47,doublesecretagency/craft-matrixcolors,MatrixColorspluginforCraftCMS,https://github.com/doublesecretagency/craft-matrixcolors
,haobeiping/tiny,Tinyisasimplecmsorblog,https://github.com/haobeiping/tiny
5,TYPO3-Solr/ext-tika,ATYPO3CMSextensionthatprovidesApacheTikafunctionality,https://github.com/TYPO3-Solr/ext-tika
16,LulububuApps/boltredirector,Handles301redirectsinBoltCMS.,https://github.com/LulububuApps/boltredirector
7,xibosignage/oauth2-xibo-cms,XiboCMSProviderforleague/oauth2-client,https://github.com/xibosignage/oauth2-xibo-cms
59,agentejo/CockpitQL,GraphQLaddonforCockpitCMS-https://github.com/agentejo/cockpit,https://github.com/agentejo/CockpitQL
5,jawainc/simplecontact,ContactUspluginforOctoberCMS,https://github.com/jawainc/simplecontact
13,twiro/multilingual,MultilingualprojectswithSymphonyCMS.,https://github.com/twiro/multilingual
11,Hambern/octobercms.company,Acompany-pluginforOctoberCMS,https://github.com/Hambern/octobercms.company
15,orchestral/story,[Extension]StoryCMSforOrchestraPlatform,https://github.com/orchestral/story
59,enigmadigital/Formerly,PlugintoallowuserstocreatecustomformswithinCraftCMS,https://github.com/enigmadigital/Formerly
,xepan/xepan,xEpanCMS.,https://github.com/xepan/xepan
213,zikula/core,ZikulaCoreFramework,https://github.com/zikula/core
224,bpocallaghan/laravel-admin-starter,"ALaravelAdminStarterprojectwithPageBuilder,Roles,Impersonation,Analytics,Blog,News,Banners,FAQ,Testimo…",https://github.com/bpocallaghan/laravel-admin-starter
15,Smart-Core/CMS-Sandbox,DevelopmentsandboxofSmartCoreCMS,https://github.com/Smart-Core/CMS-Sandbox
14,tmhub/easytabs,MagentoProductandCmspagestabsextension,https://github.com/tmhub/easytabs
56,enhavo/enhavo,ModernCMSwithshopfeaturesbasedonfullstacksymfonyandsyliuscomponents,https://github.com/enhavo/enhavo
21,avisota/contao-core,BasicintegrationintotheContaoOpenSourceCMS.,https://github.com/avisota/contao-core
8,Flynsarmy/oc-menu-plugin,MenuListspluginforOctoberCMS,https://github.com/Flynsarmy/oc-menu-plugin
8,SessionDE/Jarlssen_CmsFiles,,https://github.com/SessionDE/Jarlssen_CmsFiles
7,LEPTON-project/LEPTON,officialLEPTONCMSrepository,https://github.com/LEPTON-project/LEPTON
26,doublesecretagency/craft-smartmap,SmartMappluginforCraftCMS,https://github.com/doublesecretagency/craft-smartmap
7,sirdiego/importr,TYPO3CMSExtension-importr,https://github.com/sirdiego/importr
51,taogogo/taocms,"taocmsisaveryverysmallCMS(ContentManagementSystem),baseonphp,supportmysql/sqlite",https://github.com/taogogo/taocms
18,zbycz/npress,nPress-anopensourcecmsonNetteframework,https://github.com/zbycz/npress
13,arrizalamin/october-portfolio,OctoberCMSplugintoshowoffyourpastprojects.,https://github.com/arrizalamin/october-portfolio
13,arrizalamin/october-portfolio,OctoberCMSplugintoshowoffyourpastprojects.,https://github.com/arrizalamin/october-portfolio
46,putyourlightson/craft-dump,SimplewaytocreateDBbackupsinCraftCMS,https://github.com/putyourlightson/craft-dump
13,cloudpayments/CloudPayments_WooCommerce,CloudPaymentsmoduleforWordpress/WooCommerceCMS,https://github.com/cloudpayments/CloudPayments_WooCommerce
13,networkteam/Networkteam.Neos.MailObfuscator,EmailaddressobfuscationforNeosCMS,https://github.com/networkteam/Networkteam.Neos.MailObfuscator
18,WebFairyNet/Mediat,TheReallyLittleFull-ResponsiveMediaCMS,https://github.com/WebFairyNet/Mediat
259,ExpressionEngine/ExpressionEngine,"ExpressionEngineisaflexible,feature-rich,freeopen-sourcecontentmanagementplatformthatempowershundredsof…",https://github.com/ExpressionEngine/ExpressionEngine
65,jorycn/thinkphp-zcms,一个基于thinkphp3.2开发的cms系统，功能比较全面。,https://github.com/jorycn/thinkphp-zcms
18,silverstripe/silverstripe-postgresql,"PostgreSQLmoduleforSilverStripeCMS.AllowsSilverStripetoconnectto,andusePostgreSQLasadatabase.",https://github.com/silverstripe/silverstripe-postgresql
6,LaravelVe/OzonoCMS,IniciativadelacomunidadLaravelVenezuelaOzonoCMS,https://github.com/LaravelVe/OzonoCMS
15,instantsoft/icms1,InstantCMS1.xOfficialRepository(oldstable),https://github.com/instantsoft/icms1
21,textpattern/com_connect,AnextensibleHTMLformmailerpluginforTextpatternCMS.,https://github.com/textpattern/com_connect
56,sulu/sulu-minimal,Thisrepositoryisnotlongertherecommendedwaytostartasuluproject.Use:,https://github.com/sulu/sulu-minimal
7,timvanwolfswinkel/fork-cms-module-catalog,"CatalogisamoduleforForkCMS.Itletsyoucreateandshowproducts(i.e.clothing,bicyclesorwhatever)onyour…",https://github.com/timvanwolfswinkel/fork-cms-module-catalog
2,addedev/FusionCMS,,https://github.com/addedev/FusionCMS
112,putyourlightson/craft-blitz,Intelligentstaticpagecachingforcreatinglightning-fastsiteswithCraftCMS.,https://github.com/putyourlightson/craft-blitz
12,phplaber/efucms,"Thesimple,easy-to-usecmsbasedThinkPHP",https://github.com/phplaber/efucms
27,dmitryd/typo3-dd_googlesitemap,Thisisa"dd_googlesitemap"TYPO3extension.ItaddssitemapsupporttoTYPO3CMS.,https://github.com/dmitryd/typo3-dd_googlesitemap
9,codeyoyo/TP-CMS,ThinkPHPCMSSystem,https://github.com/codeyoyo/TP-CMS
5,billerickson/cms-page-order,WPPlugin:Changethepageorderwithquickandeasydraganddrop.,https://github.com/billerickson/cms-page-order
11,Adapik/CMS,APHPLibrarythatallowsyoutodecodeASN.1CMSusingBasicEncodingRules(BER),https://github.com/Adapik/CMS
19,srpurdy/SharpEdgeCMS,ContentManagementSystem,https://github.com/srpurdy/SharpEdgeCMS
3,m1rco/Kryn.cms,,https://github.com/m1rco/Kryn.cms
3,lochmueller/perfectlightbox,TYPO3CMSExtension-perfectlightbox,https://github.com/lochmueller/perfectlightbox
40,jasonmccallister/craft,InstallanewCraftCMSwebsitethroughcommandline.,https://github.com/jasonmccallister/craft
13,Envalo/Widget,BugfixforCMSWidgetsinMagento1.X,https://github.com/Envalo/Widget
3,FlameNET/FlameCMS-2,FlameCMS2isafreetemplatewithworkingPHPcode+ForumforPrivatesevers.It'saCMSforallyourneedsasana…,https://github.com/FlameNET/FlameCMS-2
31,Web-Feet/coasterframework,"MaincoderepositoryforCoasterCMS(coastercms.org),afullfeaturedLaravelbased,ContentManagementSystem",https://github.com/Web-Feet/coasterframework
19,badpenguin/flatfiledb,PHPFlatFileDBlibrarywithcacheforCMS,https://github.com/badpenguin/flatfiledb
8,FiyoCMS/FiyoCMS,FiyoCMS,https://github.com/FiyoCMS/FiyoCMS
4,johnfelipe/opensimweb,WebsitecmsforOpensim,https://github.com/johnfelipe/opensimweb
11,apathyquan/layuiCMS,基于laravel+layui开发完整cms后台，系统主要是志在更快的开发后台，减少代码冗余，所以本cms基本大部分通过js渲染html，php代码均为模块化写法，使用了模块化的开发模式,https://github.com/apathyquan/layuiCMS
23,ClanSphere/ClanSphere,"Web-CMSforclans,guildsandothergroups",https://github.com/ClanSphere/ClanSphere
10,yourheropaul/eventex,MultiplesectionformsubmissionforSymphonyCMS,https://github.com/yourheropaul/eventex
9,aaw-team/pagenotfoundhandling,ErrorHandlerforTYPO3CMS,https://github.com/aaw-team/pagenotfoundhandling
159,rsms/gitblog,"Git-basedblog/cmsforPHP,meantasareplacementforWordpress",https://github.com/rsms/gitblog
30,nickdunn/elasticsearch,ElasticSearchprovidespowerfulfulltextforSymphonyCMS(integratesElasticSearch),https://github.com/nickdunn/elasticsearch
66,intervolga/intervolga.migrato,МодульмиграциисущностейдляCMS"1С-Битрикс:Управлениесайтом"дляразработчиков,https://github.com/intervolga/intervolga.migrato
5,RedHatHackers/cms-detector,MassCMSDetectorByRedV!perfromRedHatHackers,https://github.com/RedHatHackers/cms-detector
19,silverstripe/silverstripe-contentreview,MarkapageinSilverStripeCMSwithadateandanownerforfuturereview,https://github.com/silverstripe/silverstripe-contentreview
14,uwol/vcms,AsocialnetworkingplatformandCMSforstudentassociations,https://github.com/uwol/vcms
9,mvdkleijn/funky_cache,AWolfCMScachingplugin,https://github.com/mvdkleijn/funky_cache
17,parkerj/TriTan-CMS,TriTanCMSisadevelopercentriccontentmanagementframeworkthatallowsyoutogocompletelyheadlessornearlyhe…,https://github.com/parkerj/TriTan-CMS
19,worksolutions/bitrix-module-bunit,BUnit-фреймворкмодульноготестрованиядляCMSBitrix,https://github.com/worksolutions/bitrix-module-bunit
2,alnutile/cms,LaravelCMS,https://github.com/alnutile/cms
10,modo/cms,CMS/CMFbuiltonZendFrameworkandDoctrine2,https://github.com/modo/cms
7,silverstripe/silverstripe-sitebanner,Createsite-widealertsintheCMS,https://github.com/silverstripe/silverstripe-sitebanner
10,mattiapazienti/fledrCMS,"ResponsiveCMS,nodatabaserequired.Simplywriteyourpostsandmenageyourblog!",https://github.com/mattiapazienti/fledrCMS
11,Solutions-Nitriques/anti_brute_force,SecureyourSymphonyCMSloginpageagainstbruteforceattacks,https://github.com/Solutions-Nitriques/anti_brute_force
8,CraftMyWebsite/CMW,VotreCMSdequalité,https://github.com/CraftMyWebsite/CMW
33,WXiangQian/stationery-cms,?基于laravel-admin1.6.0开发的办公用品管理系统，含excel导出、查询快递功能,https://github.com/WXiangQian/stationery-cms
72,verbb/navigation,ACraftCMSplugintocreatenavigationmenusforyoursite.,https://github.com/verbb/navigation
7,symphonycms/markdown,MarkdownTextFormatterforSymphonyCMS,https://github.com/symphonycms/markdown
13,vojtasvoboda/oc-errorlogger-plugin,ErrorLoggerpluginforOctoberCMS,https://github.com/vojtasvoboda/oc-errorlogger-plugin
16,verbb/events,CraftCMSPluginforeventsmanagementandticketing.,https://github.com/verbb/events
9,DeuxHuitHuit/frontend_localisation,OffersaFrontendLocalisationmechanismforSymphonyCMS,https://github.com/DeuxHuitHuit/frontend_localisation
161,hettiger/larapress,ALaravel4CMSCWARNING:Thisprojectisnolongerbeingdevelopedbecausetherearemanygoodalternativesnow.,https://github.com/hettiger/larapress
26,wazum/sluggi,ThelittleTYPO3CMS9slughelper,https://github.com/wazum/sluggi
1,speedcoremo/CraftedWeb,TheCraftedWebpublicCMS.,https://github.com/speedcoremo/CraftedWeb
19,icecaster/silverstripe-versioned-gridfield,"VersionedGridFieldDetailForm,formanagingSitetree(oranyotherversionedobjects)inCMSinterfaces,suchasModel…",https://github.com/icecaster/silverstripe-versioned-gridfield
58,fusioncms/fusioncms,AnopensourceCMSbuiltonLaravel.Createbespokewebsiteexperiences.,https://github.com/fusioncms/fusioncms
58,fusioncms/fusioncms,AnopensourceCMSbuiltonLaravel.Createbespokewebsiteexperiences.,https://github.com/fusioncms/fusioncms
15,e107inc/vstore,Simpleshoppingcartsystemfore107v2.xBootstrapCMS,https://github.com/e107inc/vstore
4,firal/Firal,FiralCMS,https://github.com/firal/Firal
18,sascha-egerer/phpstan-typo3,TYPO3CMSclassreflectionextensionforPHPStan&framework-specificrules,https://github.com/sascha-egerer/phpstan-typo3
9,757470062/Blue_cms,基于laravel5.4的web系统,https://github.com/757470062/Blue_cms
29,plan2net/webp,CreateaWebPcopyforimages(TYPO3CMS),https://github.com/plan2net/webp
83,AmpersandHQ/magento-ce-ee-config-corruption-bug,ExplanationandfixfortheMagentoEnterprise'100routermatchiterations'/Community'no404CMSpageconfigured'…,https://github.com/AmpersandHQ/magento-ce-ee-config-corruption-bug
4,andrrr/shopping_cart,ShoppingcartforSymphonyCMS,https://github.com/andrrr/shopping_cart
,Bunkermaster/ExerciceCMS,PetitexercicedePOOpourlesweb1Hetic,https://github.com/Bunkermaster/ExerciceCMS
1,gedelumbung/government-cms,JustSimpleGovernmentContentManagementSystem,https://github.com/gedelumbung/government-cms
6,cetera-labs/cetera-cms,"CeteraCMS―innovativeCeteraLabscontentmanagementandeCommerce-product,basedat10-yearsexperienceandagile…",https://github.com/cetera-labs/cetera-cms
11,nils-werner/dump_db,AdatabasedumperforSymphonyCMS,https://github.com/nils-werner/dump_db
11,enovision/grav-frontend-edit-button,GRAVCMSPlugin-FrontendEditButton,https://github.com/enovision/grav-frontend-edit-button
3,rzproject/cms-sandbox,rzcms-sandbox,https://github.com/rzproject/cms-sandbox
19,NamelessCoder/typo3-cms-fluid-precompiler-module,TYPO3CMSFluidcompilerextension,https://github.com/NamelessCoder/typo3-cms-fluid-precompiler-module
11,legale/rapida,RapidaecommerceCMSSimplaCMSfork,https://github.com/legale/rapida
6,fabarea/metadata,TYPO3CMSprovidingPHP-basedmetadataextraction,https://github.com/fabarea/metadata
50,mister-bk/craft-plugin-mix,HelperpluginforLaravelMixinCraftCMStemplates,https://github.com/mister-bk/craft-plugin-mix
4,Opifer/CmsBundle,[READ-ONLY]SubtreesplitoftheOpiferCmsBundle,https://github.com/Opifer/CmsBundle
11,gbrock/laravel-pages,AbasicLaravelpageCMS,https://github.com/gbrock/laravel-pages
13,OFFLINE-GmbH/oc-speedy-plugin,WebsiteoptimizationpluginforOctoberCMS,https://github.com/OFFLINE-GmbH/oc-speedy-plugin
12,kalyan02/NanoCMS,"Smallest,Easiest&TiniestFlat-FileCMSinPHP",https://github.com/kalyan02/NanoCMS
3,souzadavi/CMS,Sitemanagerwithcodeigniter,https://github.com/souzadavi/CMS
10,philsinatra/IDM232,ScriptingforInteractiveDigitalMediaII,https://github.com/philsinatra/IDM232
11,BlackCatDevelopment/BlackCatCMS,"BlackCatCMSisaPHP5,HTML5contentmanagementsystem",https://github.com/BlackCatDevelopment/BlackCatCMS
3,kalpok/cms,"maininfrastructureofKalpokCMS,includesbasicandessentialmodulesandextensions.",https://github.com/kalpok/cms
4,RobinCK/kasseler,?CMSsystem(notsupported),https://github.com/RobinCK/kasseler
9,albertcolom/ddd-cms,SimpleCMSwithDDD,https://github.com/albertcolom/ddd-cms
18,CuyZ/NotiZ,?PowerfulnotificationdispatcherforTYPO3CMS.,https://github.com/CuyZ/NotiZ
4,yeesoft/yii2-yee-seo,SEOModuleForYeeCMS,https://github.com/yeesoft/yii2-yee-seo
69,carlcs/craft-maintenance,MaintenancepluginforCraftCMS,https://github.com/carlcs/craft-maintenance
41,modxcms/fred,"Thefriendlyfront-endeditorforvisual,drag-and-dropcontentbuildinginMODXCMS",https://github.com/modxcms/fred
7,Veldik/cmsearch,"Jednoducháwebováaplikace,kteráslou?íkvyhledáváníhrá??naserveruCraftMania.",https://github.com/Veldik/cmsearch
6,picocms/pico-composer,"ThisisthecomposerstarterprojectforPico,astupidlysimple,blazingfast,flatfileCMS.",https://github.com/picocms/pico-composer
18,karabayyazilim/softAdmin,Thiswasdoneusingcmslaravel7,https://github.com/karabayyazilim/softAdmin
43,Staplegun-US/craft-video-embed-utility,ACraftCMSpluginprovidingaTwigfilterforembeddingvideofromYouTubeandVimeoURLs,https://github.com/Staplegun-US/craft-video-embed-utility
7,IonutPopescuRO/Metin2CMS,Metin2CMS,https://github.com/IonutPopescuRO/Metin2CMS
14,carlcs/craft-footnote,FootnotepluginforCraftCMS,https://github.com/carlcs/craft-footnote
9,wentong2org/huochetou-ecms-module,火车头采集器帝国CMS7.2和7.5适用免登陆新闻发布模块,https://github.com/wentong2org/huochetou-ecms-module
8,tbuteler/clumsy,Awhite-labelCMSforLaravel,https://github.com/tbuteler/clumsy
92,ehousestudio/craft_hacksaw,AmigratedversionofHacksaw(forExpressionEngine)madeespeciallyforCraftCMS.,https://github.com/ehousestudio/craft_hacksaw
6,sahaktadevosyan89/CMS-Laravel-5,Laravel5contentmanagementsystemforstarters.,https://github.com/sahaktadevosyan89/CMS-Laravel-5
6,asanchez75/sitepress-multilingual-cms,sitepress-multilingual-cms(lastwordpressfreeversion)ThisversionsupportsonlyolderWordPressversions(upto3…,https://github.com/asanchez75/sitepress-multilingual-cms
96,chasegiunta/craft-vue,"AllthepowerofVueCLI'sscaffolding,devtools,andsinglefilecomponentstailoredforaCraftCMSproject.",https://github.com/chasegiunta/craft-vue
60,Mediahero/bitrix-clear-upload,Скриптдляочисткикаталогаupload/iblockсайтанаCMS1С-Битриксотнеиспользуемыхфайлов(оставшихсяпослеудаления…,https://github.com/Mediahero/bitrix-clear-upload
12,enlivenapp/pubvana,BloggingandSmallBusinessCMS,https://github.com/enlivenapp/pubvana
53,keithmancuso/craft-menus,AsimplebutpowerfulmenuspluginforCraftCMSbuiltwithacustomelementtype,https://github.com/keithmancuso/craft-menus
59,carlcs/craft-helpers,HelperspluginforCraftCMS,https://github.com/carlcs/craft-helpers
7,Hukuta/php5shop,FreeOpenSourceeCommerceCMS,https://github.com/Hukuta/php5shop
18,mgiagnoni/LyraCMS,ACMSdevelopedwithSymfony2andDoctrine2,https://github.com/mgiagnoni/LyraCMS
45,ian-cox/Kirby-MinifyHTML,AplugintheminifyhtmloutputfromtheKirbyCMS,https://github.com/ian-cox/Kirby-MinifyHTML
15,million12/M12.Foundation,NeosCMSpluginimplementingallZurbFoundation5components.,https://github.com/million12/M12.Foundation
9,farjadtahir/php-shortcodes,WordpresslikeshortcodesinCustomPHPCMS,https://github.com/farjadtahir/php-shortcodes
8,BlazOrazem/numencode,NumencodeCMS,https://github.com/BlazOrazem/numencode
22,PWesterdale/KirbyGram,InstagramPluginforKirbyCMS,https://github.com/PWesterdale/KirbyGram
9,AOEpeople/linkhandler,OfficiousforkofTYPO3extension"linkhandler"withsupportforTYPO3CMS6.2.,https://github.com/AOEpeople/linkhandler
22,johncms/johncms,JohnCMSContentManagementSystem,https://github.com/johncms/johncms
10,rigobcastro/PyroCMS-Multiple-Images-FieldType,,https://github.com/rigobcastro/PyroCMS-Multiple-Images-FieldType
37,OliveStudio/olivemenus,ApowerfulmenuspluginforCraftCMSbuiltfortheneedofsimplicityandflexibility,https://github.com/OliveStudio/olivemenus
10,rizalafani/ci-blog,Contohaplikasiblogdancontentmanagementsystem(CMS)sederhanadengancodeigniter2.3.7,https://github.com/rizalafani/ci-blog
14,nmaier95/craft-shopify-product-fetcher,loadyourshopify-productsintoyourcraft3-cmsinstance.,https://github.com/nmaier95/craft-shopify-product-fetcher
75,verbb/social-poster,ACraftCMSpluginforautomaticallypostingentriestosocialmedia.,https://github.com/verbb/social-poster
8,NullRefExcep/yii2-cms,ContentManagementModuleforYii2,https://github.com/NullRefExcep/yii2-cms
8,gbraux/CMS-Outlook-Addin,Outlook2013/2016Add-InforCiscoMeetingServer(CMS)scheduling,https://github.com/gbraux/CMS-Outlook-Addin
7,CyanoFresh/yii2shop,e-commerceCMSbuiltonYii2AdvancedApplicationTemplate,https://github.com/CyanoFresh/yii2shop
26,alphalemon/AlphaLemonCmsBundle,Thisprojecthasbeenmovedtohttps://github.com/redkite-labs/RedKiteCmsBundle,https://github.com/alphalemon/AlphaLemonCmsBundle
6,openPanfu/CMS,ContentmanagementsystemforOpenPanfu,https://github.com/openPanfu/CMS
13,8bitbase/phalcon-lcd-cms,LcdCMSissmallprojectbuildonPhalconframeworkv.3.2.0.It'sapplyto8-Bit-Baseball'sprojects.Developercanu…,https://github.com/8bitbase/phalcon-lcd-cms
3,yandex-money/yandex-money-cms-modx-evo,,https://github.com/yandex-money/yandex-money-cms-modx-evo
13,Goldinteractive/craft-bugsnag,BugsnagnotifierfortheCraftCMS,https://github.com/Goldinteractive/craft-bugsnag
,cmpcuaderno/cmsc128-ab2l-project,"Adviser-StudentRecordsManagementSystemprojectofCMSC128SectionAB-2L,AY2014-2015",https://github.com/cmpcuaderno/cmsc128-ab2l-project
19,webtorque7/inpage-modules,ModularcontentforSilverStripeCMS,https://github.com/webtorque7/inpage-modules
8,glumb/pico_cache,AddscachingfunctionalitytoPicoCMS,https://github.com/glumb/pico_cache
42,visavi/rotor,Rotor-Mobilecontentmanagementsystem,https://github.com/visavi/rotor
82,NeoFrag/NeoFrag,"Yourturnkeygamingwebsite,100%free,100%eSport!",https://github.com/NeoFrag/NeoFrag
20,paragonie/ionizer,InputFilterSystemforCMSAirship,https://github.com/paragonie/ionizer
8,Jesseyx/FilmCMS,Laravel和React开发的一个管理系统,https://github.com/Jesseyx/FilmCMS
8,SpeedPHP/example-cms,新版speedphp框架例子，包含了CMS（内容管理系统）的大部分功能。,https://github.com/SpeedPHP/example-cms
19,bstrahija/Lack,"Asimple,filebasedCMS",https://github.com/bstrahija/Lack
39,boutell/SillyCMS,AreallysimpleCMS(actuallymoreofaWiki)forSymfony2.ReallyjustalearningprojectforSymfony2.,https://github.com/boutell/SillyCMS
5,Rokfor/rokfor-slim,RokforCMS:HeadlessCMSwithJSONapi,https://github.com/Rokfor/rokfor-slim
6,Apadana/apadana-cms,ApadanaCmsGitPage,https://github.com/Apadana/apadana-cms
58,mmikkel/DashCols-Craft,EasilyaddcustomfieldstoindextablesinCraftCMS,https://github.com/mmikkel/DashCols-Craft
11,cherifGsoul/yiisite,YiiframeworkbasedCMS,https://github.com/cherifGsoul/yiisite
32,terminal42/contao-changelanguage,ChangeLanguageisanextensionfortheContaoCMSwhichallowsvisitorstoswitchbetweendifferentlanguagesofyour…,https://github.com/terminal42/contao-changelanguage
5,tonyarnold/symphony-ckeditor,SymphonyCMSextensionthatprovidestheCKEditorWYSIWYGeditorfortextfields.,https://github.com/tonyarnold/symphony-ckeditor
9,adamdama/Talon,CMSbuiltonPhalconFramework,https://github.com/adamdama/Talon
321,statamic/statamic,Statamic3:Application,https://github.com/statamic/statamic
2,elifesciences/journal-cms,,https://github.com/elifesciences/journal-cms
2,samsonos/cms_api,SamsonCMSAPI,https://github.com/samsonos/cms_api
81,selvinortiz/craft.doxter,MarkdowneditorandparserforCraftCMS,https://github.com/selvinortiz/craft.doxter
10,boboldehampsink/increment,DEPRECATED-IncrementPluginforCraftCMS,https://github.com/boboldehampsink/increment
88,marcantondahmen/automad,Aflat-filecontentmanagementsystemandtemplateengine,https://github.com/marcantondahmen/automad
3,novius-os/noviusos_form,"‘Forms’applicationforNoviusOS,anOpenSourceCMS",https://github.com/novius-os/noviusos_form
5,bariew/yii2-rbac-cms-module,Rbacdbmoduleforcms.,https://github.com/bariew/yii2-rbac-cms-module
33,iainurquhart/FacetedNav_CraftPlugin,FacetedCategoryNavigationforCraftCMS,https://github.com/iainurquhart/FacetedNav_CraftPlugin
6,cnb/News_Manager-getsimplecms,Ablog/newspluginforGetSimpleCMS-developmentextendedversion,https://github.com/cnb/News_Manager-getsimplecms
1,melisa014/my-first-CMS,простейшийпримерпостроенияCMSнаPHPиMySQL,https://github.com/melisa014/my-first-CMS
,atoms183/CMS,,https://github.com/atoms183/CMS
20,daylightstudio/FUEL-CMS-Modules-Pack,ExtramodulesnotincludedwiththeoriginalFUELCMSdownload,https://github.com/daylightstudio/FUEL-CMS-Modules-Pack
1,raxezdev/FusionCMS-Localization,LanguagesupportforFusionCMS,https://github.com/raxezdev/FusionCMS-Localization
6,cnb/News_Manager-getsimplecms,Ablog/newspluginforGetSimpleCMS-developmentextendedversion,https://github.com/cnb/News_Manager-getsimplecms
13,Cysha/PhoenixCMS,PublicRepoforPhoenixCMS,https://github.com/Cysha/PhoenixCMS
,atoms183/CMS,,https://github.com/atoms183/CMS
4,daylightstudio/FUEL-CMS-Forms-Module,AformsmoduleforFUELCMS,https://github.com/daylightstudio/FUEL-CMS-Forms-Module
10,inunosinsi/soycms,SOYCMSPHP7用,https://github.com/inunosinsi/soycms
27,fnagel/t3extblog,ArecordbasedblogextensionforTYPO3CMSpoweredbyExtbase/Fluid.Flexibleandpowerful!,https://github.com/fnagel/t3extblog
6,DiliCMS/DiliCMS-extensions,DiliCMS扩展,https://github.com/DiliCMS/DiliCMS-extensions
563,wanglelecc/laracms,LaraCMS是在学习laravel（web开发实战进阶+实战构架API服务器）过程中产生的一个业余作品，试图通过简单的方式，快速构建一套基本的企业站同时保留很灵活的扩展能力和优雅的代码方式，当然这些都得益Lara…,https://github.com/wanglelecc/laracms
10,bluethrust/clanscripts,"ACMSbuiltforClans,GuildsandGamingCommunities",https://github.com/bluethrust/clanscripts
9,boboldehampsink/rollbar,DEPRECATED-RollbarPluginforCraftCMS,https://github.com/boboldehampsink/rollbar
5,umonkey/molinos-cms,PHPbasedCMS.,https://github.com/umonkey/molinos-cms
19,despark/ignicms,igniCMSisanadministrativeinterfacebuilderforLaravel,https://github.com/despark/ignicms
1,Sitatech/ilias_E-learning,OpenSourceCMSE-learning,https://github.com/Sitatech/ilias_E-learning
12,jeffory/Gir-CMS,AsmallmarkdowntextfilebasedCMS.,https://github.com/jeffory/Gir-CMS
18,ehousestudio/craft_readtime,AnestimatedreadtimeTwigfilterpluginforCraftCMS.,https://github.com/ehousestudio/craft_readtime
4,pixelant/dashboard,AdashboardextensionforTYPO3CMS,https://github.com/pixelant/dashboard
4,phth/agora,ExtbasebasedforumextensionforTYPO3CMS,https://github.com/phth/agora
14,mangapress/mangapress,ThewebcomicCMSpluginforWordPress,https://github.com/mangapress/mangapress
86,nystudio107/craft-multi-environment,Efficientandflexiblemulti-environmentconfigforCraftCMS,https://github.com/nystudio107/craft-multi-environment
33,distantnative/relative-date,RelativeDateandTime(multi-language)pluginforKirby2CMS,https://github.com/distantnative/relative-date
7,robiso/wondercms-plugins,WonderCMSplugins,https://github.com/robiso/wondercms-plugins
12,dev4living/3N1WebSite,[PAUSH]UseBlog/BBS/CMStobuildyourwebsite,https://github.com/dev4living/3N1WebSite
12,psmb/Psmb.Newsletter,RenderemailnewsletterswithFusioninNeosCMS,https://github.com/psmb/Psmb.Newsletter
27,craftcms/mailgun,MailgunmaileradapterforCraftCMS,https://github.com/craftcms/mailgun
41,joshkennedy/zleek,"Zleek-aclean,responsivethemeforAnchorCMS",https://github.com/joshkennedy/zleek
10,28harishkumar/phpcms,ThisaCMSinPHPwithanexampleofTODOappwithauthentication,https://github.com/28harishkumar/phpcms
4,hofff/contao-navigation,AdvancednavigationmodulesforContaoOpenSourceCMS,https://github.com/hofff/contao-navigation
9,fahad19/themes,ThemesforCroogoCMS,https://github.com/fahad19/themes
13,redgoose-dev/goose,Personalcontentsmanagementsystem.,https://github.com/redgoose-dev/goose
13,redgoose-dev/goose,Personalcontentsmanagementsystem.,https://github.com/redgoose-dev/goose
7,alexxxnf/bitrix_prop_checkbox,CheckboxpropertyforBitrixCMS,https://github.com/alexxxnf/bitrix_prop_checkbox
31,ciweiin/seacms,海洋cms海洋影视管理系统-免费开源PHP,https://github.com/ciweiin/seacms
5,lightwerk/typo3cms-installers,,https://github.com/lightwerk/typo3cms-installers
1,JackJones/IbrowsSimpleCMSBundle,VerysimpleandflexibleSymfony2CMS.Canbeaddedasabundleinanexistingprojectwithoutcodechangings,https://github.com/JackJones/IbrowsSimpleCMSBundle
30,bithost-gmbh/pdfviewhelpers,TYPO3CMSextensionthatprovidesvariousFluidViewHelperstogeneratePDFdocuments.,https://github.com/bithost-gmbh/pdfviewhelpers
22,thgh/kirby-plugins,PluginsforKirbyCMS,https://github.com/thgh/kirby-plugins
4,LordPinch/LordPinch.github.io,Websitemetcms(citationneeded),https://github.com/LordPinch/LordPinch.github.io
5,ikoene/fork-cms-module-slideshow,"SlideshowisamoduleforForkCMS.ItmakesuseofFlexslider,aresponsivejQuerysliderplugin.Enjoy!",https://github.com/ikoene/fork-cms-module-slideshow
44,XOOPS/XoopsCore25,XOOPSCore2.5.x(currentreleaseis2.5.10:https://github.com/XOOPS/XoopsCore25/releases),https://github.com/XOOPS/XoopsCore25
7,themouette/chCmsExposeRoutingPlugin,Carpehorarepoisnowthedefaultrepository-https://github.com/Carpe-Hora/chCmsExposeRoutingPlugin,https://github.com/themouette/chCmsExposeRoutingPlugin
5,johnpitchers/FocalPoint-Maps-for-Joomla,AdvancedmappingextensionforJoomlaCMS,https://github.com/johnpitchers/FocalPoint-Maps-for-Joomla
13,pauloamgomes/CockpitCMS-Moderation,ModerationAddonforCockpitCMS,https://github.com/pauloamgomes/CockpitCMS-Moderation
13,someoneandsons/craft-currency,ConvertcurrenciesinCraftCMS.,https://github.com/someoneandsons/craft-currency
8,JPathRu/localisation,ЛокализацияJoomla!CMSнарусскийязык,https://github.com/JPathRu/localisation
261,yclas/yclas,YclasSelfHostedisapowerfulscriptthatcantransformanydomainintoafullycustomizableclassifiedssitewithi…,https://github.com/yclas/yclas
48,housamz/php-mysql-admin-panel-generator,"PHPMySQLAdmin-panelGenerator(MAGE),aPHPtoolthathelpsyoucreateaPHPCRUDsystemforanyMySQLdatabasein…",https://github.com/housamz/php-mysql-admin-panel-generator
39,craftcms/apple-news,PublishyourCraftCMScontentwithAppleNewsFormat.,https://github.com/craftcms/apple-news
199,verbb/field-manager,FieldManagerisaCraftCMSplugintomakeiteasytomanageyourfieldsandfieldgroups.,https://github.com/verbb/field-manager
22,Amine-Smahi/Wordpress.Plugins,Asetofusefulpluginsforwordpresscms,https://github.com/Amine-Smahi/Wordpress.Plugins
22,Amine-Smahi/Wordpress.Plugins,Asetofusefulpluginsforwordpresscms,https://github.com/Amine-Smahi/Wordpress.Plugins
5,99kocms/99ko-v4-v5,CMSsimple&légersansbasededonnées,https://github.com/99kocms/99ko-v4-v5
9,fabarea/rss_display,TYPO3CMSextensionforfetchingaRSS/AtomFeedanddisplayitscontentontheFrontend,https://github.com/fabarea/rss_display
10,DeuxHuitHuit/image_upload,ImageuploadfieldforSymphonyCMS2.x,https://github.com/DeuxHuitHuit/image_upload
25,bymayo/craft-points,Credit/scoringsystemforCraftCMS,https://github.com/bymayo/craft-points
16,mocdk/MOC.NotFound,NeosCMSpackagethatloadsanormaleditablepagefordisplayinga404error,https://github.com/mocdk/MOC.NotFound
26,vimofthevine/kohana-cms,CMSextensionfortheKohana-Adminmodule,https://github.com/vimofthevine/kohana-cms
14,nekudo/shiny_blog,"Alightweight,markdownbasedBlog/CMSapplicationwritteninPHP",https://github.com/nekudo/shiny_blog
11,symphonists/s3upload_field,ThisisanAmazonS3FileUploadFieldextensionforSymphonyCMS,https://github.com/symphonists/s3upload_field
8,thepitagroup/adldap_craftcms,CraftCMSADLAP2Plugin,https://github.com/thepitagroup/adldap_craftcms
