16500,halo-dev/halo,?Anexcellentopensourceblogpublishingapplication.|一个优秀的开源博客发布应用。,https://github.com/halo-dev/halo
1600,sanluan/PublicCMS,现代化javacms，轻松支撑千万数据、千万PV；支持静态化，服务器端包含;目前已经拥有全球0.0002%的用户，中国本土有北京两大地标(北海公园、中国尊大厦)官网、国家财政部、广电总局、央视影音后台、格兰仕、山西省工业和信息化厅…,https://github.com/sanluan/PublicCMS
57,fuge/cms,"ajavacmsprojectuseSpring,SpringMVC,HibernateandFreemarker.",https://github.com/fuge/cms
76,myxzjie/cms,"1.cms网站,完整开源建站平台。cms网站，拥有微信公众号模块，可以加入微信公众号使用。用于咨询网站、企业网网站，个人小网站等等。可以自己开发模板放在template目录文件夹下。也适合二次开发，完整的权限系统。2.使用技术sp…",https://github.com/myxzjie/cms
429,sunkaifei/FlyCms,FlyCms是一个类似知乎以问答为基础的完全开源的JAVA语言开发的社交网络建站程序，基于SpringBoot+Bootstrap3+MyBatis+MySql+Solr+Ehcache应用架构，专注于社区内容的整理、归类和检…,https://github.com/sunkaifei/FlyCms
84,Rekoe/Rk_Cms,nutz_cms,https://github.com/Rekoe/Rk_Cms
33,webpagebytes/cms,JavacloudbasedCMSlibraryfordynamiccontent.,https://github.com/webpagebytes/cms
55,aYIfseec/CMS,基于ssm的学生成绩管理系统。管理员：admin密码：adminpassword，演示链接http://118.89.164.202/CMS/（由于云服务器没有续费被停掉了...唉）要是觉得下载缓慢，可以移步：https://git…,https://github.com/aYIfseec/CMS
119,brix-cms/brix-cms,BrixCMS,https://github.com/brix-cms/brix-cms
46,dreambt/cms4j,基于Java的开源内容管理系统ContentManagementSystem,https://github.com/dreambt/cms4j
28,15651037763/cms,springBoot学习交流,https://github.com/15651037763/cms
291,TaleLin/lin-cms-spring-boot,?基于SpringBoot的CMS/DMS/管理系统开发框架,https://github.com/TaleLin/lin-cms-spring-boot
77,majker/cmsblogs,一个采用springmvc+spring+mybatis来架构的Java版本博客系统，是一个用来搭建个人博客网站的平台。,https://github.com/majker/cmsblogs
142,perfectsense/brightspot-cms,BrightspotisanenterpriseuserexperienceplatformbuiltontopoftheDariFramework.,https://github.com/perfectsense/brightspot-cms
100,ShuaiJunlan/Autumn,Autumn-BlogandAutumn-CMS,https://github.com/ShuaiJunlan/Autumn
111,k55k32/cms-admin-end,blogend-pointjavaproject,https://github.com/k55k32/cms-admin-end
14,BrambleHorse/cms,simplewebsitecmsbasedonJava+Hibernate+Spring,https://github.com/BrambleHorse/cms
638,diyhi/bbs,"巡云轻论坛系统包含论坛、问答模块。系统采用JAVA+MYSQL架构，自适应手机端和电脑端，界面简洁，性能高效。数据库表结构设计使用分表方案,提高系统的负载能力。后台数据库备份/还原、全站指定目录打包、一键自动升级等功能使维护简单方便。…",https://github.com/diyhi/bbs
9,JJJuin/CMS,课堂管理系统(B/S),https://github.com/JJJuin/CMS
454,gentics/mesh,GenticsMesh-TheopensourceheadlessCMSfordevelopers,https://github.com/gentics/mesh
2,bjohnson05/cmsi186,"CoursematerialsforLMUCMSI186ProgrammingLaboratoryclass,byyear",https://github.com/bjohnson05/cmsi186
216,chifei/jweb-cms,"AdeveloperfriendlyJavaCMSbasedonJAX-RS,GuicestyleDI,BeanValidation,JPAandReact.",https://github.com/chifei/jweb-cms
57,WiseWolfs/BookCMS,基于SSH框架的二手书交易网站,https://github.com/WiseWolfs/BookCMS
49,cjbi/wetech-cms,wetechcms是本人自己整合开发的一套内容管理系统。旨在开发一个通用的、可持续开发集成的、方便扩展的cms系统，目前主要用来替代本人的wordpress博客,https://github.com/cjbi/wetech-cms
31,mohsen-jsh/spring-cms,ASimpleModularContentManagementSystembasedonjavaSpringFramework,https://github.com/mohsen-jsh/spring-cms
15,sastix/cms,Ageneralpurposejavacms,https://github.com/sastix/cms
39,headwirecom/peregrine-cms,"anapifirst,headoptionalcmswithbasedonvuejsandapachesling",https://github.com/headwirecom/peregrine-cms
77,tagbangers/wallride,multilingualeasy-to-customizeopensourceCMSmadebyJava,https://github.com/tagbangers/wallride
41,ARM-software/cmsis-pack-eclipse,CMSIS-PackEclipsePlug-ins,https://github.com/ARM-software/cmsis-pack-eclipse
21,Kvahabz1/CMSC203-Class-Projects,,https://github.com/Kvahabz1/CMSC203-Class-Projects
38,apache/sling-org-apache-sling-app-cms,ApacheSling-CMSReferenceApp,https://github.com/apache/sling-org-apache-sling-app-cms
14,crux-bphc/CMS-Android,"AcustomMoodleappforthestudentsofBITSPilani,HyderabadCampus.",https://github.com/crux-bphc/CMS-Android
21,wtser/jspCMS,基于jsp和Servlet开发的新闻发布系统，是大四在ibm培训实习的作品,https://github.com/wtser/jspCMS
8,NASA-Tournament-Lab/coeci-cms-mpsp,WelcometotheMedicaidProviderEnrollmentScreeningPortal,https://github.com/NASA-Tournament-Lab/coeci-cms-mpsp
22,CyanogenMod/android_packages_apps_CMScreenshot,ScreenshotactivityforCM,https://github.com/CyanogenMod/android_packages_apps_CMScreenshot
161,enonic/xp,EnonicXP,https://github.com/enonic/xp
25,CyanogenMod/android_packages_apps_CMStats,,https://github.com/CyanogenMod/android_packages_apps_CMStats
,cmsc-vcu/VCU-CMSC256-GitAndStackLab,AlabtofamiliarizestudentswithgitwhileimplementingaStackdatastructure.,https://github.com/cmsc-vcu/VCU-CMSC256-GitAndStackLab
1000,xujeff/tianti,java轻量级的CMS解决方案-天梯。天梯是一个用java相关技术搭建的后台CMS解决方案，用户可以结合自身业务进行相应扩展，同时提供了针对dao、service等的代码生成工具。技术选型：SpringDataJPA、Hibern…,https://github.com/xujeff/tianti
14,covito/covito-cms,根据jeecms优化,https://github.com/covito/covito-cms
14,covito/covito-cms,根据jeecms优化,https://github.com/covito/covito-cms
5,chaojunma/cms,JFinal,https://github.com/chaojunma/cms
12,FenixEdu/fenixedu-cms,ContentManagementSystemfortheFenixEduApplicationFamily,https://github.com/FenixEdu/fenixedu-cms
11,huihoo/ofbiz-cms,Automaticallyexportedfromcode.google.com/p/ofbiz-cms,https://github.com/huihoo/ofbiz-cms
11,freshdocs/cmsandroid,FreshDocsAndroidCMSclient,https://github.com/freshdocs/cmsandroid
562,dotCMS/core,SourceCodefordotCMSJavaEnterpriseContentManagementSystem,https://github.com/dotCMS/core
7,xm-king/jeecms,CMS,https://github.com/xm-king/jeecms
798,201206030/fiction_house,小说精品屋是一个多平台（web、安卓app、微信小程序）、功能完善的屏幕自适应小说弹幕网站，包含精品小说专区、轻小说专区和漫画专区。包括小说/漫画分类、小说/漫画搜索、小说/漫画排行、完本小说/漫画、小说/漫画评分、小说/漫画在线阅读…,https://github.com/201206030/fiction_house
46,creactiviti/giraphe,HeadlessJavaCMSFramework,https://github.com/creactiviti/giraphe
41,josedab/angularjs-springboot-bookstore,BookstoreCMSdonewithAngularjsandSpringBoot,https://github.com/josedab/angularjs-springboot-bookstore
,newtonguo/PublicCMS-preview,经过长达4个月的开发，PublicCMS2016版即将发布，由于改动比较大，因此先放出预览版供熟悉的人员测试，希望各位能找出一些BUG、提出一些建议并参与修改，逐步参与到PublicCMS升级开发中来,https://github.com/newtonguo/PublicCMS-preview
14,summerDp/dpCms,springboot+angluarjs样例,https://github.com/summerDp/dpCms
18,albertcbraun/CMS50FW,AlibraryforconvenientlyconnectingoverBluetoothtoaContecMedicalSystemsPulseOximeter(modelCMS50FW)andr…,https://github.com/albertcbraun/CMS50FW
12,SmartITEngineering/smart-cms,Asimplecontentrepository.Theideaistofirstdevelopsystemsonitandthusevolveit.,https://github.com/SmartITEngineering/smart-cms
6,sjzmlb/cms,类似与内容管理的简历管理系统,https://github.com/sjzmlb/cms
58,creactiviti/graffiti,HeadlessJavaCMS,https://github.com/creactiviti/graffiti
23,jease/jease,JeaseisaJavaCMSframeworkbasedonObjectDatabase,https://github.com/jease/jease
21,TaleLin/lin-cms-java-core,AsimpleandpracticalCMSimplememtedbyspring-boot,https://github.com/TaleLin/lin-cms-java-core
26,JYunCMS/jyun-cms-platform,JYunCMS后端服务,https://github.com/JYunCMS/jyun-cms-platform
13,jmirc/Hippo-CMS-Konakart,BridgebetweenHippoCMSandKonakart,https://github.com/jmirc/Hippo-CMS-Konakart
9,NHS-digital-website/hippo,HippoCMS,https://github.com/NHS-digital-website/hippo
1,welcor/cms-ce,EnonicCMSCommunityEdition,https://github.com/welcor/cms-ce
584,Mr5m1th/POC-Collect,各种开源CMS各种版本的漏洞以及EXP该项目将不断更新,https://github.com/Mr5m1th/POC-Collect
80,cedricziel/idea-php-typo3-plugin,TYPO3CMSPluginsforIntelliJIDEA/PhpStorm,https://github.com/cedricziel/idea-php-typo3-plugin
5,jasonfilippou/CMSC420-Fall2019,"CodebasefordemosandprojectsofCMSC420,DataStructures,Section0101,Fall2019,CSUMD.",https://github.com/jasonfilippou/CMSC420-Fall2019
9,howe/cms,Nutz版CMS,https://github.com/howe/cms
6,charmyin/CMStudio,"It'sabaseprojectcomposedofSpringMVC,JeasyUI,Shiroandsoon~",https://github.com/charmyin/CMStudio
8,jackieonway/springboot-cms,"ContentmanagementsystembasedonSpringboot,Spring,SpringMVC,Mybatis,FreeMarker,Bootstrap,ApacheShiro,Quartz,…",https://github.com/jackieonway/springboot-cms
18,PedroGao/lin-cms-java,AsimpleandpracticalCMSimplememtedbyspringboot,https://github.com/PedroGao/lin-cms-java
13,kudan-eu/CMS-Demo-Android,,https://github.com/kudan-eu/CMS-Demo-Android
296,qalingo/qalingo-engine,"Qalingo:B2CB2BEngine(opensourceJavaeCommercemCommerceMarketplace,syncwithERPCMSCRM)(basedonSpring,H…",https://github.com/qalingo/qalingo-engine
4,tongtianxing/android_cmsv6demo,,https://github.com/tongtianxing/android_cmsv6demo
1,jazzyfresh/cmsi281,datastructures,https://github.com/jazzyfresh/cmsi281
,aavolo/cmsi186,"CoursematerialsforLMUCMSI186ProgrammingLaboratoryclass,byyear.",https://github.com/aavolo/cmsi186
8,brix-cms/brix-cms-plugins,PluginsforBrixCMS,https://github.com/brix-cms/brix-cms-plugins
6,lanshiqin/cms-boot,基于SpringBoot搭建的内容管理系统,https://github.com/lanshiqin/cms-boot
9,anwarmamat/cmsc132,Object-OrientedProgrammingII,https://github.com/anwarmamat/cmsc132
7,ifengkou/Athena_cms,基于SpringMVC+Mybatis开发的RESTAPI接口程序,https://github.com/ifengkou/Athena_cms
7,DavidBrionesFF/TrastCMS,EsteesuncmstotalmenteneJavaelcualestainspiradoparaempresasquedesarrollansussistemasydeseanescalar…,https://github.com/DavidBrionesFF/TrastCMS
4,abadid/cmsc424-spring2019,,https://github.com/abadid/cmsc424-spring2019
22,wanghws/Java-CMS-Framework-Base_jeesite.com,"Java管理后台快速开发SSM框架_优化版-JDK1.8spring,springMVC,MyBatis,mysql,shiro,redis,ehcache",https://github.com/wanghws/Java-CMS-Framework-Base_jeesite.com
3700,alibaba/Tangram-Android,"TangramisamodularUIsolutionforbuildingnativepagedynamicallyincludingTangramforAndroid,TangramforiOS…",https://github.com/alibaba/Tangram-Android
203,grifotv/grifotv-portfolio,"MyportfoliodevelopedusingSublime,CoffeeScript,Backbone.js,jQueryIsotope,Paper.jsandGoogleDocsspreadsheet…",https://github.com/grifotv/grifotv-portfolio
12,Pedlar/android_packages_apps_CMSettings,CyanogenModSettings,https://github.com/Pedlar/android_packages_apps_CMSettings
28,hongframework/chameleon,web项目快速构建平台，由Java开发实现，无需编写代码，根据页面及组件等配置既能快速构建一个web项目,https://github.com/hongframework/chameleon
5,hiliving/PHP-Cms4APP,PHP编写APP接口服务简单示例代码,https://github.com/hiliving/PHP-Cms4APP
43,opplus/springboot-admin,基于springboot+vue整合shiro的cms解决方案,https://github.com/opplus/springboot-admin
28,openequella/openEQUELLA,CoreopenEQUELLAsources,https://github.com/openequella/openEQUELLA
4,jflyfox/jfinal_cms_api_client,jfinalcms系统api测试客户端,https://github.com/jflyfox/jfinal_cms_api_client
,threecee/cms-ce,EnonicCMSCommunityEdition,https://github.com/threecee/cms-ce
8,padcms/PadCMS-android,,https://github.com/padcms/PadCMS-android
1,hojinskang/CMSC433,,https://github.com/hojinskang/CMSC433
30,cvette/intellij-neos,SupportfortheNeosCMSinIntellijIDEA/PhpStorm,https://github.com/cvette/intellij-neos
11,pluslicy/cms_jd1911,jd1911班的资讯管理系统（基于springboot+ssm+swagger的前后台分离项目）,https://github.com/pluslicy/cms_jd1911
11,lixiaocong/lxcCMS,backendforlxcwebsite,https://github.com/lixiaocong/lxcCMS
37,lutece-platform/lutece-core,LuteceCore,https://github.com/lutece-platform/lutece-core
6,cnorburn/java-bbc-music-cms,SpringMVCJavaRESTfulServiceLayerCMS,https://github.com/cnorburn/java-bbc-music-cms
20,grgr07/Simple-Weather-App,CreatedasAndroidstudyprojectforhttp://code.tutsplus.com/tutorials/create-a-weather-app-on-android--cms-21587,https://github.com/grgr07/Simple-Weather-App
8,kagkarlsson/cms-decrypt-example,,https://github.com/kagkarlsson/cms-decrypt-example
20,villins/Blog,基于springmvchibernatespring框架的CMS博客,https://github.com/villins/Blog
118,ShioCMS/shio,"??ShioCMS-ModelContent,UseGraphQLandCreateSiteusingJavascriptwithNativeCacheandSearch.",https://github.com/ShioCMS/shio
3,lioyou/springboot-cms,此项目是实现前后端分离vue-cms的后台系统，使用maven进行依赖管理，利用SpringBoot快速配置项目，而持久层是利用SpringBoot提供的JpaRepository接口实现的。,https://github.com/lioyou/springboot-cms
35,logicaldoc/document-management-software,LogicalDOCCommunityopensourcedocumentmanagementsystemhttps://www.logicaldoc.com,https://github.com/logicaldoc/document-management-software
22,caipiao/Lottery,彩票网站的CMS源码托管服务器,https://github.com/caipiao/Lottery
2,iatmakdotcx/ZZMS_CMS,基于ZZMS的CMS服务器，没事的都来改改,https://github.com/iatmakdotcx/ZZMS_CMS
2,vermouthlly/CMS,ClassManagementSystem,https://github.com/vermouthlly/CMS
4,NeilHUI/SalesupportCMS,,https://github.com/NeilHUI/SalesupportCMS
,krupalsolanki/CMS,,https://github.com/krupalsolanki/CMS
2,umddb/CMSC724,,https://github.com/umddb/CMSC724
,OCProfHarbert/cmsc5743-git-practice,PracticeprojectforlearningEclipse-gitcommands,https://github.com/OCProfHarbert/cmsc5743-git-practice
5,GStarP/CinemaManagementSystem,CMSbyAgent67,https://github.com/GStarP/CinemaManagementSystem
9,dkd/nutch-typo3-cms,ApacheNutchpluginsforTYPO3CMS,https://github.com/dkd/nutch-typo3-cms
1,abazad/cmspen,AddontodetectthespenonCyanogenMod/AOSPROMs,https://github.com/abazad/cmspen
4,tricode/magnolia-blog,BlogmoduleforMagnoliaCMS,https://github.com/tricode/magnolia-blog
14,tallence/core-forms,AsimpleandleanformeditorfortheCoreMediaCMS.,https://github.com/tallence/core-forms
210,zhangdaiscott/h5huodong,此地址项目不再维护，代码迁移至https://github.com/zhangdaiscott/jeewx-boot,https://github.com/zhangdaiscott/h5huodong
8,kantega/Flyt-cms,,https://github.com/kantega/Flyt-cms
,JohnKos/CMSC420-Fall2018,"SkeletoncodebaseandprojectdescriptionsforCMSC420,DataStructures,Section0102,Fall2018,CSUMD.",https://github.com/JohnKos/CMSC420-Fall2018
29,steppbol/bsuir-csn-cmsn-helper,"Repositorycontainingready-madelabworksinthespecialtyofcomputermachines,systemsandnetworks",https://github.com/steppbol/bsuir-csn-cmsn-helper
3,gitana/gitana-java-driver,CloudCMSJavaDriver,https://github.com/gitana/gitana-java-driver
11,pengcgithub/platform-springboot,以CMS为业务需求构建的springBoot项目,https://github.com/pengcgithub/platform-springboot
2,kangyonggan/cms-back,cms系统原型,https://github.com/kangyonggan/cms-back
9,onehippo/essentials,HippoEssentials.Outdated:codemovedtohttps://code.onehippo.org/cms-community/hippo-essentials,https://github.com/onehippo/essentials
2,qalingo/qalingo-i18n,"Qalingo:B2CB2Bi18n(opensourceJavaeCommercemCommerceMarketplace,syncwithERPCMSCRM)",https://github.com/qalingo/qalingo-i18n
109,conghao321/Nova-MOOC-CMS,(Stillupdating...)AcomprehensiveMOOCwebsite’scontentmanagesystem(CMS)basedonJavaEE.Thetechstackinclude…,https://github.com/conghao321/Nova-MOOC-CMS
7,yeyintkoko/pkcs7-example,EncodingandDecodingwithSignedCertificatePKCS#7(CMS),https://github.com/yeyintkoko/pkcs7-example
8,king2088/JavaMiniBarCMS,小型酒吧在线管理系统JavaMinibarCMS是使用JavaMVC模式+Mysql数据库开发的一个简单的文章管理系统,https://github.com/king2088/JavaMiniBarCMS
9,v3921358/MapleStory072,ChinaMapleStory072version(includedMapleStory.exewhichbypassHS),https://github.com/v3921358/MapleStory072
,VishakaSubasith/CMS,,https://github.com/VishakaSubasith/CMS
8,wuda0112/foundation,Java中台项目，电商中台项目，CMS中台项目。建房子需要打地基，软件开发也一样，优秀的基础设施才能支撑复杂的业务,https://github.com/wuda0112/foundation
499,angebagui/medium-textview,"Mediumandroidapplicationdisplayscontentwithtext,image,videoetcinpostdetail.Itcanbeapaintodoitwit…",https://github.com/angebagui/medium-textview
1,foodoon/cms,,https://github.com/foodoon/cms
,adwyxx/cms,CMSforSpringBoot&vue,https://github.com/adwyxx/cms
1,moradotai/CMS-Scan,AnactivescanextensionforBurpthatprovidessupplementalcoveragewhentestingpopularcontentmanagementsystems.,https://github.com/moradotai/CMS-Scan
,lutece-platform/lutece-cms-plugin-blog,,https://github.com/lutece-platform/lutece-cms-plugin-blog
2,gitana/cloudcms-android,CloudCMSAndroidIntegration,https://github.com/gitana/cloudcms-android
1,CST316FAF/cmsproject,CustomerManagementSoftwareProject,https://github.com/CST316FAF/cmsproject
,rncrecario/cmsc128UnitTesting,SampleUnitTestinginJava,https://github.com/rncrecario/cmsc128UnitTesting
3,adessoAG/jekyll2cms,ToolforexportinggithubrepotoaCMS,https://github.com/adessoAG/jekyll2cms
2,andrzuk/Java-CMS,JavaMVCApplicationbasedonServlets&JSP.On-line:http://cms-jfrmwrk.rhcloud.com,https://github.com/andrzuk/Java-CMS
2,Zzij/cms,合同管理,https://github.com/Zzij/cms
4,qalingo/qalingo-web-batch,"Qalingo:B2CB2BWebBatchSynchronization(opensourceJavaeCommercemCommerceMarketplace,syncwithERPCMSCRM)",https://github.com/qalingo/qalingo-web-batch
1,AICP/vendor_cmsdk,,https://github.com/AICP/vendor_cmsdk
1100,Antabot/White-Jotter,白卷是一款使用Vue+SpringBoot开发的前后端分离项目，附带全套开发教程。（AsimpleCMSdevelopedbySpringBootandVue.jswithdevelopmenttutori…,https://github.com/Antabot/White-Jotter
2,qalingo/qalingo-web-remote,"Qalingo:B2CB2BWebRemote(opensourceJavaeCommercemCommerceMarketplace,syncwithERPCMSCRM)",https://github.com/qalingo/qalingo-web-remote
270,ushelp/EasyEE,"开源JavaEE企业级快速开发平台。提供了SpringBoot,Struts2,Hibernate,MyBatis,Shiro,EasyUI等技术，包含完整的权限管理系统等。提供自动化代码生成器。Opensou…",https://github.com/ushelp/EasyEE
,mchen628/CMSC436,Gradeculator,https://github.com/mchen628/CMSC436
,danielejohn/CMSC495,ProjectforCMSC495,https://github.com/danielejohn/CMSC495
5,lingganhezi/dedecmsapp,实现织梦CMS(DEDECMS)android客户端,https://github.com/lingganhezi/dedecmsapp
2,turbosoft/GeoCMS,????SW???????????????,https://github.com/turbosoft/GeoCMS
,nmenego/CMSC22SampleCodes,"UniversityofthePhilippinesCebu,DepartmentofComputerScienceCMSC22:IntroductiontoObjectOrientedProgrammin…",https://github.com/nmenego/CMSC22SampleCodes
,rymndlcnn/CMSC137_Project,,https://github.com/rymndlcnn/CMSC137_Project
2,mavroprovato/spring-cms,AsampleCMSapplicationcreatedwithSpringboot.,https://github.com/mavroprovato/spring-cms
1,booz-allen-hamilton/cmsDataLake,Seriesofpiguploadfilesandjavatransformationfilesfortransformationoflargeheaderlesscsv(>27MB)toasma…,https://github.com/booz-allen-hamilton/cmsDataLake
2,shamphone/jigsaw-cms,很久以前做的一个cms系统，这里做个备份,https://github.com/shamphone/jigsaw-cms
,klotfian/CMSC495-Project,Doctor'sOfficeCode,https://github.com/klotfian/CMSC495-Project
,w52308/bboss-cms,bbossdevelopmentandcontentmanangeplatform,https://github.com/w52308/bboss-cms
9,jbloemendal/play-hippo,Prototype-PlayFramework&HippoCMSIntegration,https://github.com/jbloemendal/play-hippo
6,realguoshuai/open-video-cms,videocms后台管理系统可用作毕业设计,https://github.com/realguoshuai/open-video-cms
3,ju5t1nhhh/CMSdemo,,https://github.com/ju5t1nhhh/CMSdemo
226,banq/jivejdon,JivejdonisaDomainDrivenDesignappicationwithCQRS/ES/Clean/Hexagonalarchitecture,https://github.com/banq/jivejdon
5,volewu/CMS,"基于Java的CMS系统，Spring4,SpringMVC,Mybatis3,Maven,Mysql,Shiro,EsayUI,UEditor,Druid......",https://github.com/volewu/CMS
2,vats28/Contec-CMS50EW,AsampleprojecttoshowcommunicationmethodologyforcontecBluetoothpulseoximeter.,https://github.com/vats28/Contec-CMS50EW
1,hugui/cms,,https://github.com/hugui/cms
1,zlin221/cms,服装管理系统(已完成“货号管理模块”和"仓库管理模块"),https://github.com/zlin221/cms
,Kai2020-hello/cms,,https://github.com/Kai2020-hello/cms
1,huotuinc/CMS,,https://github.com/huotuinc/CMS
1,FiveGuys/CMS,CourseManagementSystem,https://github.com/FiveGuys/CMS
,skeychen/cms,内容管理系统,https://github.com/skeychen/cms
2,pluslicy/cms_jd1908,jd1908班的资讯管理系统（基于springboot+ssm+swagger的前后台分离项目）,https://github.com/pluslicy/cms_jd1908
2,pluslicy/cms_jd1908,jd1908班的资讯管理系统（基于springboot+ssm+swagger的前后台分离项目）,https://github.com/pluslicy/cms_jd1908
,tyxing007/cms,,https://github.com/tyxing007/cms
,Zhangmk961220/cms,SSM。。。,https://github.com/Zhangmk961220/cms
2,AlexPanchenko/GeekHubCMS,ProjectsforKinderGarten,https://github.com/AlexPanchenko/GeekHubCMS
5,quaint-ai/Vue-SpringCloud-CMS,前后分离，springcloud+vue+iview内容管理项目,https://github.com/quaint-ai/Vue-SpringCloud-CMS
5,aliyun/aliyun-cms-openapi-demo,Thisprojectisaquickdemoforcustomersonhowtousecloudmonitor'sopenapi.,https://github.com/aliyun/aliyun-cms-openapi-demo
,zhaojiahai/NgCms_SSH,山东农村信用社信贷管理,https://github.com/zhaojiahai/NgCms_SSH
,cheezist/CMSC-495-Inventory,InventoryprogramrepositoryforCMSC4957981atUMUC.,https://github.com/cheezist/CMSC-495-Inventory
,MigCarloF/SBT-Database-TeamEcho-CMSC128,,https://github.com/MigCarloF/SBT-Database-TeamEcho-CMSC128
8,elimu-ai/webapp,WebapplicationforhostingAndroidapplicationsandeducationalcontent,https://github.com/elimu-ai/webapp
1,JumperYu/blog,博客CMS,https://github.com/JumperYu/blog
,mouhyi/Library-CMS,Web-basedlibraryCMS,https://github.com/mouhyi/Library-CMS
16,ToQuery/CleverWeb,CleverWeb现代化后台管理端，可能是最符合中国国情的首个前后端结合的项目。项目只包含基本的用户，菜单，和权限控制，可用于CMS等后台管理端的快速成型。,https://github.com/ToQuery/CleverWeb
4,oxenfree/CMS,"Abloggingapp:Java,Spring,Hibernate,MySQL,JQuery",https://github.com/oxenfree/CMS
5,percussion/PSOToolkit,ProvidesacommonsetofextensionsandtoolsforPercussionCMS(CM1&Rhythmyx)System,https://github.com/percussion/PSOToolkit
2,skupadhyay024/CMSApp,,https://github.com/skupadhyay024/CMSApp
68,GuoGuang/codeway_service,?Amagicalvueadmin,https://github.com/GuoGuang/codeway_service
26,lytdev/JEECMS7.0,EECMS内容管理系统是国内java开源CMS行业知名度最高、用户量最大的站群管理系统,https://github.com/lytdev/JEECMS7.0
,oszyx/kentra-cms,云服务项目,https://github.com/oszyx/kentra-cms
1,FilipMarusca/CMS-Backend,,https://github.com/FilipMarusca/CMS-Backend
,Lyberii/ccfpedia-cms,,https://github.com/Lyberii/ccfpedia-cms
,seasarorg/test-cms-1,CMS,https://github.com/seasarorg/test-cms-1
1,milon/Book-Store,ThisisawebbasedbookstoreCMS.,https://github.com/milon/Book-Store
27,babymm/mumu,baby慕慕内容管理系统（CMS）、个人博客管理系统（blog）、办公自动化管理系统（oa）、新闻采集管理系统（news）,https://github.com/babymm/mumu
101,RyanSusana/elepy,"Elepy,TheHeadlessContentManagementFramework",https://github.com/RyanSusana/elepy
1,macreigh/CMSC255,VCUCMSC255Classwork,https://github.com/macreigh/CMSC255
,cleverior/CMSlidingMms,"CM10.2messagingappmodifiedtoworkwithany4.4ROM,withslidingpanelayoutlikeinHangouts.",https://github.com/cleverior/CMSlidingMms
14,SI4T/SI4T,"SI4T=SearchIntegration4Tridion,aframeworktohelpyougetSDLTridionCMSmanagedcontentintoyourwebappse…",https://github.com/SI4T/SI4T
,JMLjml/CMSC325,CMSC325-VideoGamesclassforCompSciprogram,https://github.com/JMLjml/CMSC325
,joshuamtan/CMSC137,,https://github.com/joshuamtan/CMSC137
3,hushunjian/cms,,https://github.com/hushunjian/cms
7,idega/com.idega.content,CMSbaseblock/pluginfortheIdegaplatform,https://github.com/idega/com.idega.content
3,cxyjcl/cms,机械工程学院资料集锦系统,https://github.com/cxyjcl/cms
3,nishoknm/CMS,CampusAdministration/ManagementSystem,https://github.com/nishoknm/CMS
3,521zhouzhen/cms,开发环境widows操作系统；JAVA应用服务器：ApacheTomcat；数据库：Mysql开发工具：STS开发语言及技术：springboot，springmvc，mybatis，spring，swagger项目描述：该…,https://github.com/521zhouzhen/cms
2,MohammedRashad/Rash-CMS,ClinicManagementSoftwareforsmallandmediumclinics,https://github.com/MohammedRashad/Rash-CMS
2,guohezuzi/JavaCMS,java全栈工程师之路的实战项目SSM+BootstrapCMS(AlwaysTestVersion),https://github.com/guohezuzi/JavaCMS
,intere/vanity-tvml-cms,Abackend(CMS+APIServer)fortheVanityTVMLApplicationI'mbuilding(foredification).,https://github.com/intere/vanity-tvml-cms
5,joryeugene/content-management-system,"Wordpress-likeCMSbuiltusingJava,SpringMVC,Bootstrap,andJQuery",https://github.com/joryeugene/content-management-system
3,Tyrone2005/cms,基于truelicense，实现license绑定mac地址，包含keystore、license生成、安装、校验的代码。,https://github.com/Tyrone2005/cms
3,idineshkrishnan/cms,CustomerManagementSystem,https://github.com/idineshkrishnan/cms
3,Ada0910/cms,???基于SSM框架的内容管理平台,https://github.com/Ada0910/cms
9,geekeren/WordPressMobileAPP,"AnandroidappbasedonWordpressCMS,youcanviewpostsandShuoShuo",https://github.com/geekeren/WordPressMobileAPP
6,TYPO3-Solr/solr-typo3-plugin,AnApacheSolrfilterplugintosupportTYPO3accessrestrictions.,https://github.com/TYPO3-Solr/solr-typo3-plugin
,genelson/CMSC495_Group5,"CapstoneprojectforCMSC495,Group5",https://github.com/genelson/CMSC495_Group5
,Wolfpackzach/CMSC495-6380,TeamSeasonPredictor,https://github.com/Wolfpackzach/CMSC495-6380
,Eieyron/CMSC137_Wild_Ones,AJava-BasedgamethatemploysTCP/IPConnectionprotocolforamultiplayergamecalledWildOnes,https://github.com/Eieyron/CMSC137_Wild_Ones
1,spaldingra/CMSC255_FinalProject,CMSC255FinalProject,https://github.com/spaldingra/CMSC255_FinalProject
,estancliff/CMSC495GroupD,,https://github.com/estancliff/CMSC495GroupD
,bdent1030/TaproIM_CMSC495,FinalProjectforCMSC495,https://github.com/bdent1030/TaproIM_CMSC495
1,donmurphycs/cmsi186-inclass-exercises,ExercisesdoneinclassforCMSI186,https://github.com/donmurphycs/cmsi186-inclass-exercises
,jdserato/CMSC141_MPs,"Hellothere!ThisistherepositoryofAlvarez,Famat,andSeratoforCMSC141MPs.Ifyou'renotMaryMichaele,Ruff…",https://github.com/jdserato/CMSC141_MPs
1,Innovationgate/OpenWGA,OpenWGAContentManagement,https://github.com/Innovationgate/OpenWGA
,CyanMobile/android_packages_apps_CMScreenshot_cyanmobile,,https://github.com/CyanMobile/android_packages_apps_CMScreenshot_cyanmobile
,objectledge/cyklotron,CyklotronCMS,https://github.com/objectledge/cyklotron
2,IntelligrapeAEM/IgWebCMS,Myfirstgithubproject,https://github.com/IntelligrapeAEM/IgWebCMS
2,rgrwatson85/DrivingSchoolCMS,DrivingSchoolCustomerManagementSystem,https://github.com/rgrwatson85/DrivingSchoolCMS
2,markus-b/DualonCMS-Installer,,https://github.com/markus-b/DualonCMS-Installer
2,jreijn/hippo-addon-restful-webservices,ThisprojectprovideswebservicesagainsttheHippoCMScontentrepository,https://github.com/jreijn/hippo-addon-restful-webservices
4,ghaseminya/jease_mysql,CreateaSQLdatabasevendorforjease,https://github.com/ghaseminya/jease_mysql
4,ghaseminya/jease_mysql,CreateaSQLdatabasevendorforjease,https://github.com/ghaseminya/jease_mysql
1,qalingo/qalingo-alfresco,AlfrescoCommunityCMSsyncwithQalingoandcollaborativetools,https://github.com/qalingo/qalingo-alfresco
,cmsdaq/DAQAggregator,AggregatemonitoringdatafromtheCMSDAQsystem,https://github.com/cmsdaq/DAQAggregator
9,chengzhipcx/xcxcms,微信小程序cms系统包括Java后台小程序客户端,https://github.com/chengzhipcx/xcxcms
7,jinhang/KeeCMS,maven版可安装内容管理系统（keeCMS）,https://github.com/jinhang/KeeCMS
7,caozongpeng/ssm-cms,Spring+SpringMvc+Mybatis集成简单的cms内容管理系统，一个SSM框架的脚手架,https://github.com/caozongpeng/ssm-cms
7,PogeyanOSS/copper-cms,ServerimplementationbasedonCMIS1.1specification,https://github.com/PogeyanOSS/copper-cms
3,frankleja/jrql,"JavaAPIforOpenTextWebsiteManagementServer,formerlyknownasRedDotCMS.",https://github.com/frankleja/jrql
1,liudexiang3218/CMSLite,一套极简网站内容管理系统,https://github.com/liudexiang3218/CMSLite
,titan7585/CMSoops,RepofortheOOPSproject...uploadallyourfileshere...,https://github.com/titan7585/CMSoops
5,Azuriom/AzLink,TheplugintolinkaAzuriomCMStoaMinecraftserver.,https://github.com/Azuriom/AzLink
,Zarroc827/CMSC-495-Group-Project---Inventory-Recipes,,https://github.com/Zarroc827/CMSC-495-Group-Project---Inventory-Recipes
1,nkeiter/generic-dotCMS-plugin-code-examples,GenericdotCMSplugincodeexamples.,https://github.com/nkeiter/generic-dotCMS-plugin-code-examples
2,J2EE-CMS/CMS,J2EE,https://github.com/J2EE-CMS/CMS
2,ukiuni/CMS,,https://github.com/ukiuni/CMS
1,ikonovalov/pkcs7-showcase,PKCS7/CMSshowcase,https://github.com/ikonovalov/pkcs7-showcase
2,gaoyj/cms,ContentManagementSystemDemo,https://github.com/gaoyj/cms
2,qinzq/cms,cms看点咨询代码,https://github.com/qinzq/cms
302,94fzb/zrlog,ZrLog是使用Java开发的博客/CMS程序，具有简约，易用，组件化，内存占用低等特点。自带Markdown编辑器，让更多的精力放在写作上，而不是花费大量时间在学习程序的使用上。,https://github.com/94fzb/zrlog
2,caothang/CMS,CMSsystem.,https://github.com/caothang/CMS
,enonic/cms-ce-plugins,EnonicCMSCommunityPlugins,https://github.com/enonic/cms-ce-plugins
2,andy-huaan/cms,,https://github.com/andy-huaan/cms
2,ddkkinf/cms,Sampleprojectofspringboot,https://github.com/ddkkinf/cms
2,DimuthuKasunWP/CMS,"collage-management-systemWebApplicationdevelopedbyjavaEE,springboot,springmvc,springdataJPA,hiberna…",https://github.com/DimuthuKasunWP/CMS
,budioktaviyan/simple-cms,JAVACMSTemplate,https://github.com/budioktaviyan/simple-cms
,AdrianZawadzkiSDA/CMS-Shop,CMSBook-Shop,https://github.com/AdrianZawadzkiSDA/CMS-Shop
2,inori159/cms,,https://github.com/inori159/cms
2,dansmyers/IntroToCS-Fall-2019,"Labs,notes,andexamplesforRollinsCollegeCMS167:ProblemSolvingI",https://github.com/dansmyers/IntroToCS-Fall-2019
2,chikecodes/tutsplus-Android-o-notification-channels,MyTuts+tutorialaboutAndroidO'snotificationchannelshttp://code.tutsplus.com/tutorials/android-o-notification-c…,https://github.com/chikecodes/tutsplus-Android-o-notification-channels
3,santiagolizardo/jerba,JerbaisasimpleCMS/BlogenginetouseintheGoogleAppEngineplatform,https://github.com/santiagolizardo/jerba
21,thomashartm/burp-aem-scanner,BurpScannerextensiontofingerprintandactivelyscaninstancesoftheAdobeExperienceManagerCMS.Itchecksthe…,https://github.com/thomashartm/burp-aem-scanner
5,zqliang-01/LegoCMS,基于SpringBoot2最新版本开发，结合动、静态化模式，支持全静态/局部静态化发布。强大的分布式部署方案，简单配置即可实现站点文件分布式存储。技术选型：SpringDataJPA，Freemarker，Lombok，Swagg…,https://github.com/zqliang-01/LegoCMS
5,smartboy37597/NewsCMS,基于SpringBoot的新闻管理发布系统，新闻后台管理系统。,https://github.com/smartboy37597/NewsCMS
1,cms-orbits/cms-galatea,AmicroservicethatorbitsaroundCMSandexposescontestrelatedentitiesasRestfulAPIresources,https://github.com/cms-orbits/cms-galatea
,Msyang123/sgsl-cms,水果熟了官网cms管理,https://github.com/Msyang123/sgsl-cms
,BlissRoms/platform_cmsdk,CM'ssdk,https://github.com/BlissRoms/platform_cmsdk
,hwedwin/ghprint-cms,光华印刷库存管理系统,https://github.com/hwedwin/ghprint-cms
,LannisterAlwaysPaysHisDebts/Sao.cms,sao!,https://github.com/LannisterAlwaysPaysHisDebts/Sao.cms
,dtelaroli/simple-cms,Amulti-tenantJavaVRaptorCMS,https://github.com/dtelaroli/simple-cms
,yaop104/tyqx-cms,,https://github.com/yaop104/tyqx-cms
,CodeChefVIT/CMS-GUI,Couponmanagementsystemforevents.,https://github.com/CodeChefVIT/CMS-GUI
,cjnething/CMSI-186,Spring2019,https://github.com/cjnething/CMSI-186
1,cms-orbits/cms-galatea,AmicroservicethatorbitsaroundCMSandexposescontestrelatedentitiesasRestfulAPIresources,https://github.com/cms-orbits/cms-galatea
3,svenmalvik/CMS4Play,SimpleJavaContentManagementSystem(CMS)basedonthePlayframework.,https://github.com/svenmalvik/CMS4Play
1,xiaomaigou/xiaomaigou_cms,小麦购商城(XiaoMaiGou.COM)-正品低价、品质保障、配送及时、轻松购物!专业的综合网上导购商城，包括京东、天猫、淘宝等优惠券商品精选，为您提供正品低价的特价商品、优质便捷的服务体验。商品来自全球数十万品牌商家，囊括家电、手…,https://github.com/xiaomaigou/xiaomaigou_cms
6,webpagebytes/aws-cms-plugins,WebpagebytesCMSpluginstointegratewithAWSservices,https://github.com/webpagebytes/aws-cms-plugins
6,webpagebytes/general-cms-plugins,"WebpagebytesCMSgeneralplugins,includinglocaldevelopmentsupport",https://github.com/webpagebytes/general-cms-plugins
3,touwolf/kasije,Kasijecms,https://github.com/touwolf/kasije
,a3311598/todayfirst,cms:今日头条,https://github.com/a3311598/todayfirst
,bloomreach-forge/external-resources,ManageexternalresourcesfromMediamosaintheCMS,https://github.com/bloomreach-forge/external-resources
1,Azuriom/AzAuth,AJavaimplementationoftheAzuriomAuthAPI.,https://github.com/Azuriom/AzAuth
5,webpagebytes/demo-cms-app,DemowebapplicationcreatedwithWebpagebytesCMSframework,https://github.com/webpagebytes/demo-cms-app
4,wangyang1749/cms-dev,内容（文章）管理、个人博客系统，实现全部页面静态化，采用springboot、jpa、thymeleaf框架。支持markdown，支持latex公式，可以动态创建模板。,https://github.com/wangyang1749/cms-dev
1,cms-orbits/cms-users-admin,ThisapplicationistheresultofdoingreversingengineeringtotheContestManagementSystemandprovidesabackend…,https://github.com/cms-orbits/cms-users-admin
1,PAC-ROM/android_vendor_cmsdk,,https://github.com/PAC-ROM/android_vendor_cmsdk
,ViperOS/android_vendor_cmsdk,,https://github.com/ViperOS/android_vendor_cmsdk
1,EricNeiman/PotatOs-CMSC-355,CMSC355Project,https://github.com/EricNeiman/PotatOs-CMSC-355
4,dee-media/d.cms,"Dee.CMSacontentmanagementsystembuiltformediacompanies,toprovideeasydeploymentandpluginablesystemforn…",https://github.com/dee-media/d.cms
,lutece-platform/lutece-cms-plugin-newsletter,,https://github.com/lutece-platform/lutece-cms-plugin-newsletter
,lutece-platform/lutece-cms-plugin-rss,PluginRSS,https://github.com/lutece-platform/lutece-cms-plugin-rss
1,PAC-ROM/android_vendor_cmsdk,,https://github.com/PAC-ROM/android_vendor_cmsdk
,ViperOS/android_vendor_cmsdk,,https://github.com/ViperOS/android_vendor_cmsdk
1,EricNeiman/PotatOs-CMSC-355,CMSC355Project,https://github.com/EricNeiman/PotatOs-CMSC-355
,cms-gem-daq-project/GEM-CMS-FM,,https://github.com/cms-gem-daq-project/GEM-CMS-FM
,dfriveros11/LiquidGalaxySimpleCMS,,https://github.com/dfriveros11/LiquidGalaxySimpleCMS
1,AnkitGubrani/IgWebCMS,,https://github.com/AnkitGubrani/IgWebCMS
,Verbanderbog/CMSC-495-weight-tracker,,https://github.com/Verbanderbog/CMSC-495-weight-tracker
4,dee-media/d.cms,"Dee.CMSacontentmanagementsystembuiltformediacompanies,toprovideeasydeploymentandpluginablesystemforn…",https://github.com/dee-media/d.cms
1,commercetools/commercetools-sunrise-java-cms,ModuleforSunriseJavatouseCMS,https://github.com/commercetools/commercetools-sunrise-java-cms
3,ziaconsulting/cmsandroid,FreshDocsAndroidCMSclient,https://github.com/ziaconsulting/cmsandroid
3,valdasraps/cmsdbldr,CMSDBLoaderV2,https://github.com/valdasraps/cmsdbldr
6,CoreMedia/coremedia-studio-hub,"Connectyourcontent,fileandassetsourcesdirectlyintheCoreMediaStudioLibrary.",https://github.com/CoreMedia/coremedia-studio-hub
2,hannonhill/Cascade-Server-Authentication-API,AnAPIforcreatingcustomauthenticationmodulesforCascadeCMS,https://github.com/hannonhill/Cascade-Server-Authentication-API
2,wvelebanks/CMSC495,FinalProject,https://github.com/wvelebanks/CMSC495
2,JMLjml/CMSC495,,https://github.com/JMLjml/CMSC495
2,costy516/CMSC132,,https://github.com/costy516/CMSC132
2,optedoblivion/CMStatsWidget,CyanogenmodStatsCounter,https://github.com/optedoblivion/CMStatsWidget
,busk/WikipediaMiner,ForkofWikipediaMiner(http://wikipedia-miner.cms.waikato.ac.nz/)withsomebugfixes,https://github.com/busk/WikipediaMiner
2,mehlj/CMSC495,Atasktracking/workflowapplicationthatallowsuserstocreateandmanage'projects'thatarecomprisedofvarious…,https://github.com/mehlj/CMSC495
2,Ian-RSager/CMSC495,GroupBravo'sProjectforthecapstoneatUMUC,https://github.com/Ian-RSager/CMSC495
,ZADAWI123/CMSC-355-APP-Group-D,,https://github.com/ZADAWI123/CMSC-355-APP-Group-D
,Fritzsome/CMSC-137-Bluestack-s-Project,,https://github.com/Fritzsome/CMSC-137-Bluestack-s-Project
,Eurelis/Eurelis-OpenCms-Ant-Task,EurelisOpenCmsAnttask,https://github.com/Eurelis/Eurelis-OpenCms-Ant-Task
1,DurangWolf/UMUC_CMSC-495_TeamCursor,CollaborationofTeamCursor'sFinalProject,https://github.com/DurangWolf/UMUC_CMSC-495_TeamCursor
,Knotx/knotx-repository-connector,RepositoryconnectordeliverstemplatefromexternalrepositorieslikeCMSorfilesystem,https://github.com/Knotx/knotx-repository-connector
,CyanogenMod/android_external_cmsdk-api-coverage,,https://github.com/CyanogenMod/android_external_cmsdk-api-coverage
1,xrogzu/jspxcms6,"基于江西金智CMS,做了一些修改和扩展",https://github.com/xrogzu/jspxcms6
4,andrus/link-rest-cms-demo,AsimpleJAXRSprojectdemonstratingtheuseofLinkRest,https://github.com/andrus/link-rest-cms-demo
1,sjrahimian/course_management_sys,CourseManagementSystem(CMS)foruniversity,https://github.com/sjrahimian/course_management_sys
2,hrklinar/CMSC424-WebProject,PizzaDelveryServiceProject,https://github.com/hrklinar/CMSC424-WebProject
27,3scale/3scale_ws_api_for_java,"3scaleintegrationpluginforJavaapplications.3scaleisanAPIInfrastructureservicewhichhandlesAPIKeys,Rate…",https://github.com/3scale/3scale_ws_api_for_java
2,G-SKY-ZA/android_cmsv6_sdk,androidcmsv6javaapplication,https://github.com/G-SKY-ZA/android_cmsv6_sdk
2,jzirkin/cmsc436-feelings_diary,,https://github.com/jzirkin/cmsc436-feelings_diary
2,CMSforDSM/CMS1.0-Backend,????????ClubManagementServiceCMS1.0Backend,https://github.com/CMSforDSM/CMS1.0-Backend
2,BionicBarry/CMSC495AndroidGroup,,https://github.com/BionicBarry/CMSC495AndroidGroup
3,michaelodio/CMSC-495,UMUCCurrentTrendsandprojectsinComputerScience,https://github.com/michaelodio/CMSC-495
3,zwaltech/z-cms,ACMSwrittenwithSpring&Angular,https://github.com/zwaltech/z-cms
3,Javacppc/CMS-system,spring+struts+hibernate,https://github.com/Javacppc/CMS-system
4,vpro/jsr107-magnolia,"AComponentConfigurerfortheMagnoliaCMS,whichenablesJSR107cachingbyannotations.",https://github.com/vpro/jsr107-magnolia
4,ZinChen2014/wechat-sw,"微信开发，wechatdevelopingincludingCMS,UsingJfinal-Weixin2.0andAmazeUI2.5",https://github.com/ZinChen2014/wechat-sw
6,luoyanwu/easysign,国密算法基于bc库使用，cms/pkcs#7格式封装，pdf盖章等,https://github.com/luoyanwu/easysign
2,paul-hammant/cozmos-save,CozmosCMS,https://github.com/paul-hammant/cozmos-save
,Silverpeas/taglibs,ThisprojectisonlyforSilverpeas5.TaglibstobuildawebsiteusingSilverpeasasabackendCMS,https://github.com/Silverpeas/taglibs
2,alessandrocaio/Jahia,JahiaCMS,https://github.com/alessandrocaio/Jahia
2,askaralim/yoda,cmsprototype,https://github.com/askaralim/yoda
2,jensborch/kontentsu,KontentsuCMS,https://github.com/jensborch/kontentsu
3,kangyonggan/cms-archetype2,cms项目原型,https://github.com/kangyonggan/cms-archetype2
1,TheWiseLion/CubicalMarchingSquares,Projectdedicatedtoimplementinghttp://graphics.csie.ntu.edu.tw/CMS/download/cms-eg2005.pdfinjava.,https://github.com/TheWiseLion/CubicalMarchingSquares
3,jhs512/article-cms-by-spring-boot-2.0-and-mybatis-and-mariadb,,https://github.com/jhs512/article-cms-by-spring-boot-2.0-and-mybatis-and-mariadb
3,easyakowe/CMS-AndroidApp,AndroidComplaintManagementSystemusingJavaforAndroiddevelopment,https://github.com/easyakowe/CMS-AndroidApp
3,eeb/dropwizard-mongo-cms,BasicCMSimplementationusingdropwizard.ioandMongoDB,https://github.com/eeb/dropwizard-mongo-cms
3,RavinduSachintha/ReadMeCMS,AsimplecontentmanagementsystemforReadMefilesusingJavaFX.,https://github.com/RavinduSachintha/ReadMeCMS
3,jreijn/gogreen-android,ThisprojectisanativeAndroidapplicationforthemobileHippoCMSGoGreendemo.,https://github.com/jreijn/gogreen-android
2,ptar104/CMSC436_MS_Detector_Team_Koutras,"The436MSdetectorproject,withPeterbeingtheprojectmanager.",https://github.com/ptar104/CMSC436_MS_Detector_Team_Koutras
3,aliyun/aliyun-cms-java-sdk,for"aliyuncmsmonitor"touploadeventsandmetrics,https://github.com/aliyun/aliyun-cms-java-sdk
2,cmsc495-fall2016/cmsc495-fall2016.github.io,CMSC495-TeamSharkBreadproject,https://github.com/cmsc495-fall2016/cmsc495-fall2016.github.io
2,nelasoft/OpenCmsMobile-OpenCmsModule,OpenCmsModulewhichisrequiredbyOpenCmsMobile-AndroidApp.,https://github.com/nelasoft/OpenCmsMobile-OpenCmsModule
2,veluca93/CMSScoreboard,AmobileapptoseeCMSranking.,https://github.com/veluca93/CMSScoreboard
2,yinziang/CMSProject,aCMSproject,https://github.com/yinziang/CMSProject
,megazear7/aem-pwa-example,AnexampleofsettingupanAEMprojectasaProgressiveWebApp,https://github.com/megazear7/aem-pwa-example
,anchetaWern/cordova-intro,AnIntroductiontoCordovahttp://code.tutsplus.com/tutorials/introduction-to-cordova--cms-25146,https://github.com/anchetaWern/cordova-intro
,sunny1985/cms,,https://github.com/sunny1985/cms
,CrawFordQi/cms,第一个版本,https://github.com/CrawFordQi/cms
,maharjannickesh/CMS,,https://github.com/maharjannickesh/CMS
,sunstarvip/cms,这是一个基础CMS项目,https://github.com/sunstarvip/cms
,PavelMasloJ/CMS,Simplecontentmanagementsystem.,https://github.com/PavelMasloJ/CMS
1,Dynashety/CMS,,https://github.com/Dynashety/CMS
,alexkassil/CMS,,https://github.com/alexkassil/CMS
,sithuphyo88/cms,,https://github.com/sithuphyo88/cms
,suhwan-Choi/CMS,CMSDevelopment,https://github.com/suhwan-Choi/CMS
,edniltonmartins/cms,,https://github.com/edniltonmartins/cms
,Abhinavab333/CMS,CollegeManagementSystem,https://github.com/Abhinavab333/CMS
,prz3m3q/cms,,https://github.com/prz3m3q/cms
,mohitrawal31/CMS,,https://github.com/mohitrawal31/CMS
,GregorySzczerba/CMS,,https://github.com/GregorySzczerba/CMS
,wangcj-tt/cms,,https://github.com/wangcj-tt/cms
,SolcanMoise/CMS,SpringBootCMS,https://github.com/SolcanMoise/CMS
,1131292790/CMS,人事管理系统,https://github.com/1131292790/CMS
,leaf-of-leaf/cms,cms(热点资讯),https://github.com/leaf-of-leaf/cms
,duanxiangdan/CMS,,https://github.com/duanxiangdan/CMS
,jigisha-shah/CMS,,https://github.com/jigisha-shah/CMS
,poseidon-ocean/cms,java项目及其相关知识点,https://github.com/poseidon-ocean/cms
,kylinleevan/CMS,基于HTML5的学院管理系统,https://github.com/kylinleevan/CMS
,Krizkardiak/CMS,CMS,https://github.com/Krizkardiak/CMS
,krolmarcin/cms,,https://github.com/krolmarcin/cms
,SwastikUdupa/CMS,ContentManagamenrSystemDevelopedinJava,https://github.com/SwastikUdupa/CMS
1,danilkolikov/cms,Conceptionsofmodernscience,https://github.com/danilkolikov/cms
,zhangyz189/cms,,https://github.com/zhangyz189/cms
,raviBhai/cms,CompanyManagementSystem(LoginwithFB),https://github.com/raviBhai/cms
,capatierwin/cms,,https://github.com/capatierwin/cms
,kuku2093/cms,,https://github.com/kuku2093/cms
,kasaudhan512/CMS,CollegeManagementSystem,https://github.com/kasaudhan512/CMS
,seetharamm/cms,,https://github.com/seetharamm/cms
,PPiedel/CMS,CMSSpringwebapplication.,https://github.com/PPiedel/CMS
,jdiaz216/cms,,https://github.com/jdiaz216/cms
,ansmon/CMS,onlineSoftwarehardwaresolution,https://github.com/ansmon/CMS
,sotay/cms,,https://github.com/sotay/cms
,eadogan/CMS,ContentManagementSystem,https://github.com/eadogan/CMS
,aky28/CMS,,https://github.com/aky28/CMS
,28mohammedtalib/CMS,,https://github.com/28mohammedtalib/CMS
,robywas/cms,,https://github.com/robywas/cms
,shekharkumargupta/Cms,,https://github.com/shekharkumargupta/Cms
,supriyadatir/cms,CustomerManagementSystem,https://github.com/supriyadatir/cms
,dzhwar/CMS,ClinicManagementSystem(CMS)isaprojectthathasbeendevelopedbyagroupofMscinSoftwareEngineeringstudent…,https://github.com/dzhwar/CMS
,richavpatel/cms,CustomerManagementSystem,https://github.com/richavpatel/cms
,digege4445/cms,cms看点咨询代码,https://github.com/digege4445/cms
,lp970703/cms,jd1914班看点咨询代码,https://github.com/lp970703/cms
1,ForSyu/cms,,https://github.com/ForSyu/cms
,RahulG997/CMS,canteenmanagement,https://github.com/RahulG997/CMS
,e-724/cms,资讯管理,https://github.com/e-724/cms
,Shuxiaofan916/cms,第一次的cms,https://github.com/Shuxiaofan916/cms
,ygz10227236/cms,,https://github.com/ygz10227236/cms
,SanXun99/CMS,,https://github.com/SanXun99/CMS
,tmxing/cms,,https://github.com/tmxing/cms
,wanxin926946/cms,,https://github.com/wanxin926946/cms
,nxhiep/cms,,https://github.com/nxhiep/cms
,saixiansen/cms,cms咨询管理系统,https://github.com/saixiansen/cms
,yanjingfan/cms,,https://github.com/yanjingfan/cms
,rambabue/CMS,,https://github.com/rambabue/CMS
,mohammadbagher/cms,??????????????????????????????,https://github.com/mohammadbagher/cms
,Banish/CMS,CMS,https://github.com/Banish/CMS
1,ShrikanthVenne/CMS,,https://github.com/ShrikanthVenne/CMS
,mulderns/cms,ContentmanagementsystemwritteninJavaforCGI,https://github.com/mulderns/cms
,sunweiguo/cms,studyfromthevediobykonghao,https://github.com/sunweiguo/cms
,AdarshSingh04/CMS,Servicecallmgmt,https://github.com/AdarshSingh04/CMS
,sky2line/cms,learncms,https://github.com/sky2line/cms
,shadowSeventh/CMS,,https://github.com/shadowSeventh/CMS
,Mrzhubo/cms,cms,https://github.com/Mrzhubo/cms
,LauWingHung/cms,小demo,https://github.com/LauWingHung/cms
,denisveller/CMS,Java-BasedCMS,https://github.com/denisveller/CMS
,basilk27/cms,SpringByExampleCMSProject,https://github.com/basilk27/cms
,yossBen/cms,,https://github.com/yossBen/cms
,your-favorite-dev/cms,SpringRestExamplewithHibernateandH2DB,https://github.com/your-favorite-dev/cms
,ZooXCN/cms,,https://github.com/ZooXCN/cms
,markAsh03/cms,springboot集成,https://github.com/markAsh03/cms
1,AdminRDC/CMS,课程管理系统后台代码,https://github.com/AdminRDC/CMS
,cuilei1019/cms,,https://github.com/cuilei1019/cms
,phuongnam581/CMS,,https://github.com/phuongnam581/CMS
1,Liutao727/CMS,GODCMS,https://github.com/Liutao727/CMS
,1756500676/cms,,https://github.com/1756500676/cms
,ganesh-sai/cms,,https://github.com/ganesh-sai/cms
,Mkureha/CMS,,https://github.com/Mkureha/CMS
,wangyang1749/cms,,https://github.com/wangyang1749/cms
,YangTaoYang/cms,看点咨询代码,https://github.com/YangTaoYang/cms
,AbiSelvakumar/CMS,,https://github.com/AbiSelvakumar/CMS
,BW05WangPengFei/cms,,https://github.com/BW05WangPengFei/cms
,steven-66/CMS,,https://github.com/steven-66/CMS
,zyjImmortal/cms,,https://github.com/zyjImmortal/cms
,zpp360/cms,cms,https://github.com/zpp360/cms
,srikanth9731547177/CMS,CustomerManagementsystem,https://github.com/srikanth9731547177/CMS
,jiangyuyue/cms,,https://github.com/jiangyuyue/cms
,tiandirens/CMS,,https://github.com/tiandirens/CMS
,BAEKJungHo/cms,cmsadminpage,https://github.com/BAEKJungHo/cms
,Lixuan999/cms,,https://github.com/Lixuan999/cms
,remmen/cms,,https://github.com/remmen/cms
,giiwa/cms,基于giiwa框架CMS模块，http://giiwa.org,https://github.com/giiwa/cms
,DespairYoke/CMS,Usedforcompanybackgroundpersonnelandproductmanagement,https://github.com/DespairYoke/CMS
,olga-dorogan/CMS,,https://github.com/olga-dorogan/CMS
,mathman/cms,CmswithPlayframework,https://github.com/mathman/cms
1,cms-dev-org/cms,,https://github.com/cms-dev-org/cms
,poseidon-ocean/cms,java项目及其相关知识点,https://github.com/poseidon-ocean/cms
,kylinleevan/CMS,基于HTML5的学院管理系统,https://github.com/kylinleevan/CMS
,Krizkardiak/CMS,CMS,https://github.com/Krizkardiak/CMS
,krolmarcin/cms,,https://github.com/krolmarcin/cms
,SwastikUdupa/CMS,ContentManagamenrSystemDevelopedinJava,https://github.com/SwastikUdupa/CMS
1,danilkolikov/cms,Conceptionsofmodernscience,https://github.com/danilkolikov/cms
,zhangyz189/cms,,https://github.com/zhangyz189/cms
,raviBhai/cms,CompanyManagementSystem(LoginwithFB),https://github.com/raviBhai/cms
,capatierwin/cms,,https://github.com/capatierwin/cms
,kuku2093/cms,,https://github.com/kuku2093/cms
,RollingStoneyj/cms,CMS（即内容管理系统）的内容管理系统。CMS（网站内容管理系统）已经成为互联网中重要的组成部分。可以很方便的制作新闻网站，软件下载，图像动画，在线视频等专业网站或综合性网站。各个CMS功能各异，通常会提供索引，搜索，版本控制，各式…,https://github.com/RollingStoneyj/cms
,hitenny/cms,,https://github.com/hitenny/cms
,xiaoxiang-git/cms,看点资讯,https://github.com/xiaoxiang-git/cms
,phongVNJ/CMS,,https://github.com/phongVNJ/CMS
,MongolAnda/cms,移动在线服务系统,https://github.com/MongolAnda/cms
,Yadzuka/cms,,https://github.com/Yadzuka/cms
,youla-tech/cms,,https://github.com/youla-tech/cms
1,winnerawan/madiuntoday,Androidnativeapp(MVPArchitecture)thatgetcontentfromblogorsitethatusewordpresscms,https://github.com/winnerawan/madiuntoday
,superdafee/cms,,https://github.com/superdafee/cms
,qlines/cms,ContentManagementSystem,https://github.com/qlines/cms
,LostKe/cms,,https://github.com/LostKe/cms
,paksoftet/cms,,https://github.com/paksoftet/cms
,tajinder400/CMS,Disseratation,https://github.com/tajinder400/CMS
,anjijava16/CMS,,https://github.com/anjijava16/CMS
,deepakkhaneja/CMS,ACourseManagementSystemforeducationalinstitutes.,https://github.com/deepakkhaneja/CMS
1,myyusuf/cms,ComplaintManagementSystem,https://github.com/myyusuf/cms
,pkalliar/cms,managecontent,https://github.com/pkalliar/cms
,iyujian/cms,cms,https://github.com/iyujian/cms
,zilentworld/CMS,,https://github.com/zilentworld/CMS
1,Wanliluo/cms,心理测试代码仓库,https://github.com/Wanliluo/cms
,Techienukkad/CMS,StrutHibernate,https://github.com/Techienukkad/CMS
,gespiton/cms,classmanagementsystem,https://github.com/gespiton/cms
,hsiun/CMS,contentmanagesystem,https://github.com/hsiun/CMS
,ichuangke/cms,,https://github.com/ichuangke/cms
,bluedestiny/cms,jeecms-内容管理系统源码,https://github.com/bluedestiny/cms
,OverlordSargon/CMS,,https://github.com/OverlordSargon/CMS
,jaydefense/Cms,Cms,https://github.com/jaydefense/Cms
,JackBome/cms,,https://github.com/JackBome/cms
,Cukierek/cms,CinemamanagementsystemcreatedandmanagedbyATeam,https://github.com/Cukierek/cms
,buseen/CMS,semester,https://github.com/buseen/CMS
,qwe971454629/cms,,https://github.com/qwe971454629/cms
,ashvinikumar-1/cms,,https://github.com/ashvinikumar-1/cms
1,wangqinggang/CMS,简单的CMS内容管理系统（后台）JSP+JavaBean+Servlet+JDBC+Mysql,https://github.com/wangqinggang/CMS
,VinayAddank/cms,Citizen,https://github.com/VinayAddank/cms
,samvanson/cms,,https://github.com/samvanson/cms
,softcoder007/Cms,cmsisacantactnumberhelper,https://github.com/softcoder007/Cms
,VillkissYYK/cms,,https://github.com/VillkissYYK/cms
,ssiedu/cms,,https://github.com/ssiedu/cms
,nisun-007/cms,CustomerManagementSystem,https://github.com/nisun-007/cms
,firstgitusername/cms,cms,https://github.com/firstgitusername/cms
,shilpar87/CMS,CertificateManagementSystem,https://github.com/shilpar87/CMS
,yazaChigs/cms,,https://github.com/yazaChigs/cms
1,artaasadi/CMS,customerrelationshipmanagementdesktopapplicationwritteninjavaandjavafx,https://github.com/artaasadi/CMS
,lk-j/cms,,https://github.com/lk-j/cms
,itachi-god/cms,,https://github.com/itachi-god/cms
,251431/cms,,https://github.com/251431/cms
,Captian-wang/cms,,https://github.com/Captian-wang/cms
,chocodigo/CMS,,https://github.com/chocodigo/CMS
,superdafee/cms,,https://github.com/superdafee/cms
,qlines/cms,ContentManagementSystem,https://github.com/qlines/cms
,mzp0625/cms,CustomerManagementSystem-SpringTutorial,https://github.com/mzp0625/cms
,godHhh/CMS,内容管理系统,https://github.com/godHhh/CMS
,bahmanShah/cms,,https://github.com/bahmanShah/cms
,summit87/cms,,https://github.com/summit87/cms
,project-draco/cms,AforkoftheprojectHeuristicDesign(fromlns/cms@Unirio),https://github.com/project-draco/cms
,bwylegly/CMS,,https://github.com/bwylegly/CMS
,kuldeepsingh5/CMS,,https://github.com/kuldeepsingh5/CMS
,njayachandran/cms,Testcodecreatelockforjmstopic,https://github.com/njayachandran/cms
,liusunjie/cms,内容管理系统jee7CMS,https://github.com/liusunjie/cms
,wangmingshun/cms,,https://github.com/wangmingshun/cms
,wangmingshun/cms,,https://github.com/wangmingshun/cms
1,bental/CMS,,https://github.com/bental/CMS
,xiaojun90/CMS,内容管理系统,https://github.com/xiaojun90/CMS
,CodeBall/cms,,https://github.com/CodeBall/cms
,zerogerc/cms,Conceptsofmodernscience,https://github.com/zerogerc/cms
,845642761/cms,cms,https://github.com/845642761/cms
,JitenderAhuja060890/CMS,ContactManagementSystem,https://github.com/JitenderAhuja060890/CMS
,KissAoe/CMS,内容管理系统,https://github.com/KissAoe/CMS
,git-ajay-negi/cms,coursewaremanagementsystem,https://github.com/git-ajay-negi/cms
,qincg/cms,cmstest,https://github.com/qincg/cms
,17664206081/cms,后台管理系统,https://github.com/17664206081/cms
,zeeshanrasool91/CMS,LearningprojectofAndroidNewTools,https://github.com/zeeshanrasool91/CMS
,sunshine0918/cms,,https://github.com/sunshine0918/cms
,ericzhu/cms,,https://github.com/ericzhu/cms
,henry0829/cms,Springboot-CMS,https://github.com/henry0829/cms
,Coderruohuan/cms,"thisisjustatest,maybewithmanyerrors",https://github.com/Coderruohuan/cms
,bkong9/CMS,2212CourseManagementSystem,https://github.com/bkong9/CMS
,Manuel-Sandoval/cms,,https://github.com/Manuel-Sandoval/cms
,BW05liujifei/CMS,,https://github.com/BW05liujifei/CMS
,smartpro1/cms,CustomerManagementSystem,https://github.com/smartpro1/cms
,ganq007/CMS,智能交通系统,https://github.com/ganq007/CMS
,koralesky/cms,,https://github.com/koralesky/cms
,mwy990804/cms,thisisaprojectaboutcmssystem,https://github.com/mwy990804/cms
1,qiaoxy-git/cms,,https://github.com/qiaoxy-git/cms
,guoj1011/cms,项目描述,https://github.com/guoj1011/cms
,wangmm-git/cms,jd1913看点咨询代码,https://github.com/wangmm-git/cms
,AutoTomcat/cms,前后端分离,https://github.com/AutoTomcat/cms
,15001167619/cms,,https://github.com/15001167619/cms
,summit87/cms,,https://github.com/summit87/cms
,mzp0625/cms,CustomerManagementSystem-SpringTutorial,https://github.com/mzp0625/cms
,shilpar87/CMS,CertificateManagementSystem,https://github.com/shilpar87/CMS
,purusothamans/cms,,https://github.com/purusothamans/cms
,Captian-wang/cms,,https://github.com/Captian-wang/cms
,itachi-god/cms,,https://github.com/itachi-god/cms
1,artaasadi/CMS,customerrelationshipmanagementdesktopapplicationwritteninjavaandjavafx,https://github.com/artaasadi/CMS
,lk-j/cms,,https://github.com/lk-j/cms
,251431/cms,,https://github.com/251431/cms
,chocodigo/CMS,,https://github.com/chocodigo/CMS
,tusizi/cms,"AcmsprojectusingMyBatis,BeanUtils,ManualSpring",https://github.com/tusizi/cms
,imvivek/CMS,,https://github.com/imvivek/CMS
1,kamedlaubert/cms,,https://github.com/kamedlaubert/cms
,lerkasan/CMS,,https://github.com/lerkasan/CMS
1,scott2014/cms,LiWangNa毕业设计开发,https://github.com/scott2014/cms
,qikhan/cms,ContentManagementSystemwithSpringFramework,https://github.com/qikhan/cms
,nayemul-chowdhury/cms,cmsproject,https://github.com/nayemul-chowdhury/cms
,chenxyzy/cms,cms,https://github.com/chenxyzy/cms
,hema812/CMS,,https://github.com/hema812/CMS
,quchwe/cms,,https://github.com/quchwe/cms
,joyetety2010/cms,,https://github.com/joyetety2010/cms
,miaoxin520/cms,,https://github.com/miaoxin520/cms
,charmyin/CMS,Thefirstcmswebwrittenbymyself~,https://github.com/charmyin/CMS
,lakshmi1188/CMS,CMS,https://github.com/lakshmi1188/CMS
,jason1105/cms,TranslatemodelofcoinvmodaltojsonformatofThree.js,https://github.com/jason1105/cms
,TraningCenter2017-2018/cms,cms_gerasimov,https://github.com/TraningCenter2017-2018/cms
,kieuquyen97/cms,contentmanagementsystem,https://github.com/kieuquyen97/cms
,paulbota/cms,,https://github.com/paulbota/cms
,xuyixia/cms,createcmsformyself,https://github.com/xuyixia/cms
,panxiangfei/cms,,https://github.com/panxiangfei/cms
,philkuzmin/cms,,https://github.com/philkuzmin/cms
1,INTERNS-LXI-TECHNOLOGIES/cms,,https://github.com/INTERNS-LXI-TECHNOLOGIES/cms
,1048311927/cms,看点咨询,https://github.com/1048311927/cms
1,75953849/cms,咨询管理项目,https://github.com/75953849/cms
,zhanghw1/cms,,https://github.com/zhanghw1/cms
,AbdelrahmanAtia/cms,cafeteriamanagementsystemusingspringbootandangular,https://github.com/AbdelrahmanAtia/cms
,xuejiqiuli69/cms,,https://github.com/xuejiqiuli69/cms
,GoodBoy2333/cms,基于SpringSecurity的RBAC权限管理系统,https://github.com/GoodBoy2333/cms
1,zhaowj-faramita/cms,看点资讯,https://github.com/zhaowj-faramita/cms
,johnnywong233/cms,,https://github.com/johnnywong233/cms
,97deWZB/cms,咨询管理项目,https://github.com/97deWZB/cms
,17373562515/cms,,https://github.com/17373562515/cms
,yuanchuntao/cms,cms,https://github.com/yuanchuntao/cms
,jainharsh96/CMS,,https://github.com/jainharsh96/CMS
,mohamedctm/cms,,https://github.com/mohamedctm/cms
1,bburakenesdemir/cms,CMSPanelForWebApplicationswithSpringBoot,https://github.com/bburakenesdemir/cms
,happypandaface/CMS,,https://github.com/happypandaface/CMS
,dongzhao/CMS,,https://github.com/dongzhao/CMS
,thushearsay/cms,cms,https://github.com/thushearsay/cms
,dakotahhh/CMS,,https://github.com/dakotahhh/CMS
,cosmir17/CMS,Thisisaconsolebasedtradingprogram.,https://github.com/cosmir17/CMS
,mpall/cms,rubbishCMS,https://github.com/mpall/cms
1,xnorman/cms,cms_java,https://github.com/xnorman/cms
,AnishKaliraj/CMS,,https://github.com/AnishKaliraj/CMS
,xingleitaotie/cms,myjobtest,https://github.com/xingleitaotie/cms
,abipc/cms,MovieContentManagementSystem,https://github.com/abipc/cms
,Shashank1219/CMS,ThisisasimpleprojectonClothManagementSystem.Itdisplaysbasicfeaturesthatareavailabletoanadministrato…,https://github.com/Shashank1219/CMS
,yyyybzzzz/cms,,https://github.com/yyyybzzzz/cms
,JoaoGiesteira/CMS,firstjavaproject,https://github.com/JoaoGiesteira/CMS
,anyer/cms,,https://github.com/anyer/cms
,ollysun/cms,contentmanagementsystem,https://github.com/ollysun/cms
,Aurawin/CMS,,https://github.com/Aurawin/CMS
,iamhaha/cms,CourseManagementSystem,https://github.com/iamhaha/cms
,znlccy/cms,cms管理系统,https://github.com/znlccy/cms
,StephenJZhang/cms,newjeecms,https://github.com/StephenJZhang/cms
,hahaloveyu/CMS,,https://github.com/hahaloveyu/CMS
,evaadler/cms,,https://github.com/evaadler/cms
,amit0805kumar/CMS,,https://github.com/amit0805kumar/CMS
,don764372409/cms,一个简单的CMS,https://github.com/don764372409/cms
1,ritvigroup/CMS,,https://github.com/ritvigroup/CMS
,tduc0504/cms,,https://github.com/tduc0504/cms
1,zkning/cms,,https://github.com/zkning/cms
,ooyuan1984/cms,测试用的站点程序,https://github.com/ooyuan1984/cms
,sanjivkumar12/cms,,https://github.com/sanjivkumar12/cms
,DurgaHadoop/cms,customermangamentsystem,https://github.com/DurgaHadoop/cms
,bharadhwaj1994/CMS,,https://github.com/bharadhwaj1994/CMS
,yongling0625/cms,,https://github.com/yongling0625/cms
,Pragna-25/CMS,,https://github.com/Pragna-25/CMS
,luciven/CMS,CourseManagementSystemusingJAVA,https://github.com/luciven/CMS
,luhuih/cms,,https://github.com/luhuih/cms
,ourcredit/cms,cms,https://github.com/ourcredit/cms
,Allenzsy/CMS,Javacombatproject,https://github.com/Allenzsy/CMS
,jainharsh96/CMS,,https://github.com/jainharsh96/CMS
,mohamedctm/cms,,https://github.com/mohamedctm/cms
1,bburakenesdemir/cms,CMSPanelForWebApplicationswithSpringBoot,https://github.com/bburakenesdemir/cms
,happypandaface/CMS,,https://github.com/happypandaface/CMS
,dongzhao/CMS,,https://github.com/dongzhao/CMS
,thushearsay/cms,cms,https://github.com/thushearsay/cms
,dakotahhh/CMS,,https://github.com/dakotahhh/CMS
,cosmir17/CMS,Thisisaconsolebasedtradingprogram.,https://github.com/cosmir17/CMS
,mpall/cms,rubbishCMS,https://github.com/mpall/cms
,pandeajay/CMS,ConfigurationManagementSystem,https://github.com/pandeajay/CMS
,yawen-code/cms,文章管理,https://github.com/yawen-code/cms
,Jerry-xm127/cms,后台信息管理系统,https://github.com/Jerry-xm127/cms
,youyoustudio/cms,,https://github.com/youyoustudio/cms
,gettachi/cms,CustomerManageProject,https://github.com/gettachi/cms
,maheshunhale/cms,CustomerManagementSystem,https://github.com/maheshunhale/cms
,shriyakabra97/CMS,,https://github.com/shriyakabra97/CMS
,Gabriel-Towey/cms,customermanagementsystem,https://github.com/Gabriel-Towey/cms
1,ghaseminya/CMS,J2EECMS,https://github.com/ghaseminya/CMS
1,2920533883/CMS,,https://github.com/2920533883/CMS
1,maciejkopecpl/cms,HobbyprojecttoexploremodernJavacapabilities.,https://github.com/maciejkopecpl/cms
,yayatest/cms,,https://github.com/yayatest/cms
,pssandeep/CMS,ChangeManagementSystem-RESTInterface-Java.,https://github.com/pssandeep/CMS
,huangzhuocs/CMS,客户关系管理系统,https://github.com/huangzhuocs/CMS
,whoami-zy/CMS,简单的CMS管理系统,https://github.com/whoami-zy/CMS
,wengweng85/cms,,https://github.com/wengweng85/cms
,hossamkhader/CMS,,https://github.com/hossamkhader/CMS
,CmsOrg/cms,描述个毛啊,https://github.com/CmsOrg/cms
,smulakala16/CMS,ChildMonitoringSystem,https://github.com/smulakala16/CMS
,yeon1004/cms,??????????,https://github.com/yeon1004/cms
,s3690104/CMS,,https://github.com/s3690104/CMS
,MaxLynx/cms,SpringBoot+Thymeleafcontentmanagementsystem,https://github.com/MaxLynx/cms
,lengmianluocha/cms,AceSpringBootMysql个人管理,https://github.com/lengmianluocha/cms
,suankan/cms,demoprojectwithJavaandSpring,https://github.com/suankan/cms
,saurabhgabhane/cms,cms,https://github.com/saurabhgabhane/cms
,dionesanga/CMS,,https://github.com/dionesanga/CMS
,meibino/cms,基于SSM的教务管理系统(coursemanagementsystembasedonSSMframework),https://github.com/meibino/cms
,hspc4you/cms,,https://github.com/hspc4you/cms
,HsinWong/cms,,https://github.com/HsinWong/cms
,dlli/cms,struts2cmssystem,https://github.com/dlli/cms
,MaaKaa/cms,"SimpleContentManagementSystem,writtenwithSpringframework.Builtwith:Java:SpringMVC+SpringData,HTML,CS…",https://github.com/MaaKaa/cms
,panxiangfei/cms,,https://github.com/panxiangfei/cms
,philkuzmin/cms,,https://github.com/philkuzmin/cms
1,INTERNS-LXI-TECHNOLOGIES/cms,,https://github.com/INTERNS-LXI-TECHNOLOGIES/cms
,vamos87/CMS,,https://github.com/vamos87/CMS
1,JackYgCg/CMS,基于SSM搭建的管理系统半成品,https://github.com/JackYgCg/CMS
,jeepchenup/CMS,,https://github.com/jeepchenup/CMS
1,Qiaojiaqin/cms,看点咨询项目,https://github.com/Qiaojiaqin/cms
,shiyaowen2/cms,学习,https://github.com/shiyaowen2/cms
,Alan633/cms,,https://github.com/Alan633/cms
,vovik541/CMS,,https://github.com/vovik541/CMS
,BW05Genius/cms,,https://github.com/BW05Genius/cms
,BW05DLiuning/CMS,,https://github.com/BW05DLiuning/CMS
,kareemjames/cms,CMS,https://github.com/kareemjames/cms
,joner-cms/cms,,https://github.com/joner-cms/cms
,heyheycat704/cms,资讯管理项目,https://github.com/heyheycat704/cms
,minaksheej/cms,,https://github.com/minaksheej/cms
,ahmad53/CMS,Customermanagementsystemusingspringboot,https://github.com/ahmad53/CMS
,hamzayogurtcuoglu/cms,CustomerManagementSystemWithSpringFramework,https://github.com/hamzayogurtcuoglu/cms
,VanLien1503/cms,,https://github.com/VanLien1503/cms
,cxr789315/cms,,https://github.com/cxr789315/cms
,mmbase/mmbase-oldimport,,https://github.com/mmbase/mmbase-oldimport
,happypandaface/CMS,,https://github.com/happypandaface/CMS
,dongzhao/CMS,,https://github.com/dongzhao/CMS
,thushearsay/cms,cms,https://github.com/thushearsay/cms
,dakotahhh/CMS,,https://github.com/dakotahhh/CMS
,cosmir17/CMS,Thisisaconsolebasedtradingprogram.,https://github.com/cosmir17/CMS
,mpall/cms,rubbishCMS,https://github.com/mpall/cms
,pandeajay/CMS,ConfigurationManagementSystem,https://github.com/pandeajay/CMS
,tandingbo/cms,CipherManagementSystem,https://github.com/tandingbo/cms
,ant-garcia/cms,Asimplecontentmanagementsystem,https://github.com/ant-garcia/cms
,hiber815/cms,cms系统开发,https://github.com/hiber815/cms
,eikal/cms,,https://github.com/eikal/cms
,Dmitriy-Topoplnik/cms,,https://github.com/Dmitriy-Topoplnik/cms
,alexandramuresan/CMS,,https://github.com/alexandramuresan/CMS
,Zilderlan/cms,,https://github.com/Zilderlan/cms
,chen0928/CMS,,https://github.com/chen0928/CMS
,paraskaphalia/CMS,ChildMonitoringAppinAndroidStudio,https://github.com/paraskaphalia/CMS
,yayatest/cms,,https://github.com/yayatest/cms
,pssandeep/CMS,ChangeManagementSystem-RESTInterface-Java.,https://github.com/pssandeep/CMS
,huangzhuocs/CMS,客户关系管理系统,https://github.com/huangzhuocs/CMS
,kiyoyhw/cms,,https://github.com/kiyoyhw/cms
,yoochenil/cms,,https://github.com/yoochenil/cms
,AbdulmohsenELM/cms,CustomerManagementSystem,https://github.com/AbdulmohsenELM/cms
,Nihaarika6/CMS,CANTEENMANAGEMENTSYSTEM,https://github.com/Nihaarika6/CMS
,rwssdsda/cms,,https://github.com/rwssdsda/cms
,liangzz777/cms,看点咨询代码描述,https://github.com/liangzz777/cms
,Lhysk/cms,看点咨询代码,https://github.com/Lhysk/cms
1,renwr/cms,cms的看点咨询代码,https://github.com/renwr/cms
,kerwinYX/cms,,https://github.com/kerwinYX/cms
,julibo/cms,项目初始化,https://github.com/julibo/cms
,bharadhwaj1994/CMS,,https://github.com/bharadhwaj1994/CMS
,yongling0625/cms,,https://github.com/yongling0625/cms
,Pragna-25/CMS,,https://github.com/Pragna-25/CMS
,luciven/CMS,CourseManagementSystemusingJAVA,https://github.com/luciven/CMS
,luhuih/cms,,https://github.com/luhuih/cms
,ourcredit/cms,cms,https://github.com/ourcredit/cms
,Allenzsy/CMS,Javacombatproject,https://github.com/Allenzsy/CMS
,Bloody-Indians/CMS,"complaintmanagementsystemmicroservicedevelopedalongwithjwt,eurekaregistry,gateway,MySQLdb",https://github.com/Bloody-Indians/CMS
,nvkwo3314200/cms,内容管理系统,https://github.com/nvkwo3314200/cms
,uddadisathvik/CMS,CollegeManagementSystem,https://github.com/uddadisathvik/CMS
,hsyndgn42/CMS,,https://github.com/hsyndgn42/CMS
,wailBouter/cms,CustomerManagmentSystem,https://github.com/wailBouter/cms
,xinjieyanlearner/cms,管理系统项目,https://github.com/xinjieyanlearner/cms
,foas9we/cms,在线博客,https://github.com/foas9we/cms
,Maybe728/CMS,,https://github.com/Maybe728/CMS
,xingllxf/cms,看点咨询代码,https://github.com/xingllxf/cms
,hiremathguru/cms,customermanagementsystemusingspringboot,https://github.com/hiremathguru/cms
,HuJie-Coder/cms,eBlog云博客,https://github.com/HuJie-Coder/cms
,zhonggunm/cms,,https://github.com/zhonggunm/cms
,choupijiang/cms,firstspringbootapp,https://github.com/choupijiang/cms
,Srutheka/cms,,https://github.com/Srutheka/cms
,ravinder0097/CMS,springbootappwithh2database,https://github.com/ravinder0097/CMS
,lfh-del/cms,第一个项目,https://github.com/lfh-del/cms
,gaoxy-gaoxy/cms,cms项目,https://github.com/gaoxy-gaoxy/cms
1,chenshaui/cms,陈帅看点咨询,https://github.com/chenshaui/cms
,sreeharias07/CMS,,https://github.com/sreeharias07/CMS
,diego101777/cms,CustomerManagementSystem,https://github.com/diego101777/cms
,peeyushsharma/cms,cms,https://github.com/peeyushsharma/cms
,calm04061/cms,,https://github.com/calm04061/cms
,zjz2018/cms,,https://github.com/zjz2018/cms
,huangzhuocs/CMS,客户关系管理系统,https://github.com/huangzhuocs/CMS
,whoami-zy/CMS,简单的CMS管理系统,https://github.com/whoami-zy/CMS
,wengweng85/cms,,https://github.com/wengweng85/cms
,hossamkhader/CMS,,https://github.com/hossamkhader/CMS
,CmsOrg/cms,描述个毛啊,https://github.com/CmsOrg/cms
,smulakala16/CMS,ChildMonitoringSystem,https://github.com/smulakala16/CMS
,yeon1004/cms,??????????,https://github.com/yeon1004/cms
,s3690104/CMS,,https://github.com/s3690104/CMS
,MaxLynx/cms,SpringBoot+Thymeleafcontentmanagementsystem,https://github.com/MaxLynx/cms
,lengmianluocha/cms,AceSpringBootMysql个人管理,https://github.com/lengmianluocha/cms
,suankan/cms,demoprojectwithJavaandSpring,https://github.com/suankan/cms
,saurabhgabhane/cms,cms,https://github.com/saurabhgabhane/cms
,dionesanga/CMS,,https://github.com/dionesanga/CMS
,meibino/cms,基于SSM的教务管理系统(coursemanagementsystembasedonSSMframework),https://github.com/meibino/cms
,hspc4you/cms,,https://github.com/hspc4you/cms
,HsinWong/cms,,https://github.com/HsinWong/cms
,dlli/cms,struts2cmssystem,https://github.com/dlli/cms
,MaaKaa/cms,"SimpleContentManagementSystem,writtenwithSpringframework.Builtwith:Java:SpringMVC+SpringData,HTML,CS…",https://github.com/MaaKaa/cms
,NhonVuong/CMS,,https://github.com/NhonVuong/CMS
,BW05lisibo/CMS,,https://github.com/BW05lisibo/CMS
,rwssdsda/cms,,https://github.com/rwssdsda/cms
,liangzz777/cms,看点咨询代码描述,https://github.com/liangzz777/cms
,Lhysk/cms,看点咨询代码,https://github.com/Lhysk/cms
1,renwr/cms,cms的看点咨询代码,https://github.com/renwr/cms
,kerwinYX/cms,,https://github.com/kerwinYX/cms
,julibo/cms,项目初始化,https://github.com/julibo/cms
,maksudul983/cms,CustomerManagementSystem,https://github.com/maksudul983/cms
,MonikaRavichandar/cms,project,https://github.com/MonikaRavichandar/cms
,shivamkrsingh786/cms,springboot_cms_application,https://github.com/shivamkrsingh786/cms
,AlfredoMiFa/cms,cmsapplication,https://github.com/AlfredoMiFa/cms
,choupijiang/cms,firstspringbootapp,https://github.com/choupijiang/cms
,Srutheka/cms,,https://github.com/Srutheka/cms
,ravinder0097/CMS,springbootappwithh2database,https://github.com/ravinder0097/CMS
,lfh-del/cms,第一个项目,https://github.com/lfh-del/cms
,gaoxy-gaoxy/cms,cms项目,https://github.com/gaoxy-gaoxy/cms
1,chenshaui/cms,陈帅看点咨询,https://github.com/chenshaui/cms
,sreeharias07/CMS,,https://github.com/sreeharias07/CMS
,diego101777/cms,CustomerManagementSystem,https://github.com/diego101777/cms
2,irishjava/looncms,anopensourcecms,https://github.com/irishjava/looncms
,lhzlovewyp/cms,,https://github.com/lhzlovewyp/cms
,hnlszg881219/cms,,https://github.com/hnlszg881219/cms
,yalewkidane/CMS,Codemanagmentsystem,https://github.com/yalewkidane/CMS
,ViktoriaSl/CMS,,https://github.com/ViktoriaSl/CMS
,nyzplymh/cms,,https://github.com/nyzplymh/cms
,los3rz/CMS,CMS,https://github.com/los3rz/CMS
,aztg/cms,CMS2014projectforjava,https://github.com/aztg/cms
,WeRock/CMS,,https://github.com/WeRock/CMS
,sonuashta/cms,Trackclientsrecordandwillsendmessagestoclient,https://github.com/sonuashta/cms
,EucWang/cms,cmsdemo,https://github.com/EucWang/cms
,shuoqi718/CMS,ACMSDemo,https://github.com/shuoqi718/CMS
,samsonlarsson/cms,,https://github.com/samsonlarsson/cms
,GuruDhanush/CMS,CaneManagmentSystem,https://github.com/GuruDhanush/CMS
,HowData/CMS,,https://github.com/HowData/CMS
,hezitao1122/cms,thisiscloudercms,https://github.com/hezitao1122/cms
,LeonHover/cms,"ASpring5.0project,Justforlearning.",https://github.com/LeonHover/cms
,vijay15890/cms,,https://github.com/vijay15890/cms
,jayan26/cms,CustomerManagementSystem,https://github.com/jayan26/cms
,Acer611/cms,smc,https://github.com/Acer611/cms
,CoralBeef-zz/CMS,CrawlerManagementSystem,https://github.com/CoralBeef-zz/CMS
,derfulim/cms,,https://github.com/derfulim/cms
,Ajlzhu/cms,基于shiro的权限管理系统,https://github.com/Ajlzhu/cms
,enertia-io/CMS,ChargePointManagementSystem-Backend,https://github.com/enertia-io/CMS
,Evelynnnnn/CMS,看点资讯项目,https://github.com/Evelynnnnn/CMS
,jiaoshuilei/CMS,,https://github.com/jiaoshuilei/CMS
,chaiyu318/cms,初始化项目,https://github.com/chaiyu318/cms
,yougwgw/cms,看点咨询项目,https://github.com/yougwgw/cms
,mayul-hasn/cms,jd1914,https://github.com/mayul-hasn/cms
,liudejie/cms,,https://github.com/liudejie/cms
,orencjur/cms,,https://github.com/orencjur/cms
,zhanghl-resource/cms,看点资讯,https://github.com/zhanghl-resource/cms
,Yuyajun1090/cms,jd1914看点咨询代码,https://github.com/Yuyajun1090/cms
1,Aj0910/cms,servlet+jsp文章管理系统,https://github.com/Aj0910/cms
,PalakArora23/cms,,https://github.com/PalakArora23/cms
,monika-sudam-mali/cms,Repositorycreated,https://github.com/monika-sudam-mali/cms
,cooper-lyt/cms,,https://github.com/cooper-lyt/cms
,MIbrahemSpring/CMS,ContentManagementSystem,https://github.com/MIbrahemSpring/CMS
,gautamnidhi/cms,Paypalcmsassignment,https://github.com/gautamnidhi/cms
,plusjing/cms,,https://github.com/plusjing/cms
2,thebaz73/cms-plugin-mgmt,SparkleCMSPluginManagement,https://github.com/thebaz73/cms-plugin-mgmt
,hnlszg881219/cms,,https://github.com/hnlszg881219/cms
,yalewkidane/CMS,Codemanagmentsystem,https://github.com/yalewkidane/CMS
,ViktoriaSl/CMS,,https://github.com/ViktoriaSl/CMS
,nyzplymh/cms,,https://github.com/nyzplymh/cms
,los3rz/CMS,CMS,https://github.com/los3rz/CMS
,aztg/cms,CMS2014projectforjava,https://github.com/aztg/cms
,WeRock/CMS,,https://github.com/WeRock/CMS
,sonuashta/cms,Trackclientsrecordandwillsendmessagestoclient,https://github.com/sonuashta/cms
,EucWang/cms,cmsdemo,https://github.com/EucWang/cms
,shuoqi718/CMS,ACMSDemo,https://github.com/shuoqi718/CMS
,vin5517/CMS,CarManagementSystem,https://github.com/vin5517/CMS
,ArabicStar/CMS,Thisisatestrepo,https://github.com/ArabicStar/CMS
,menghanqian/cms,,https://github.com/menghanqian/cms
,ch3nwe1/cms,,https://github.com/ch3nwe1/cms
,DanielPastorP/CMS,Githubtask,https://github.com/DanielPastorP/CMS
,yzlin499/CMS,private学校的大项目，等着重构,https://github.com/yzlin499/CMS
,YYN-MR/CMS,,https://github.com/YYN-MR/CMS
,freeone31/Cms,,https://github.com/freeone31/Cms
1,BruceWands/cms,,https://github.com/BruceWands/cms
,JeevithaMythily/CMS,,https://github.com/JeevithaMythily/CMS
,Ajlzhu/cms,基于shiro的权限管理系统,https://github.com/Ajlzhu/cms
,enertia-io/CMS,ChargePointManagementSystem-Backend,https://github.com/enertia-io/CMS
,Evelynnnnn/CMS,看点资讯项目,https://github.com/Evelynnnnn/CMS
,jiaoshuilei/CMS,,https://github.com/jiaoshuilei/CMS
,chaiyu318/cms,初始化项目,https://github.com/chaiyu318/cms
,yougwgw/cms,看点咨询项目,https://github.com/yougwgw/cms
,mayul-hasn/cms,jd1914,https://github.com/mayul-hasn/cms
,liudejie/cms,,https://github.com/liudejie/cms
,orencjur/cms,,https://github.com/orencjur/cms
,zhanghl-resource/cms,看点资讯,https://github.com/zhanghl-resource/cms
,pagalprogrammer/CMS,AcontentManagementSystemdevelopedusingJavaEE,https://github.com/pagalprogrammer/CMS
,jingjing199603/cms,资讯管理,https://github.com/jingjing199603/cms
,saurabhkumarsoni/cms,CustomerManagementSystem,https://github.com/saurabhkumarsoni/cms
,yugvohra/cms,cataloguemanagementservice,https://github.com/yugvohra/cms
,zhangmeng-wwww/cms,看点咨询代码,https://github.com/zhangmeng-wwww/cms
,Yuyajun1090/cms,jd1914看点咨询代码,https://github.com/Yuyajun1090/cms
1,Aj0910/cms,servlet+jsp文章管理系统,https://github.com/Aj0910/cms
,PalakArora23/cms,,https://github.com/PalakArora23/cms
,monika-sudam-mali/cms,Repositorycreated,https://github.com/monika-sudam-mali/cms
,cooper-lyt/cms,,https://github.com/cooper-lyt/cms
,MIbrahemSpring/CMS,ContentManagementSystem,https://github.com/MIbrahemSpring/CMS
,gautamnidhi/cms,Paypalcmsassignment,https://github.com/gautamnidhi/cms
,plusjing/cms,,https://github.com/plusjing/cms
,brucevn/cms,,https://github.com/brucevn/cms
,scorpio018/Cms,,https://github.com/scorpio018/Cms
,utopian4/cms,ddd,https://github.com/utopian4/cms
,tuorao/cms,,https://github.com/tuorao/cms
,Johnson0125/cms,,https://github.com/Johnson0125/cms
,duguying/cms,atoycontentmanagementsystem,https://github.com/duguying/cms
1,johnstok/cms,ContentManagementSystem,https://github.com/johnstok/cms
,excarlibur/cms,,https://github.com/excarlibur/cms
,kuldeepsinghsekhon/cms,JPAEclipseLinkServletbasedTraingPortal/CMSdevelopedforM.C.A/B.TechStudentTrainingProject,https://github.com/kuldeepsinghsekhon/cms
,akhicms/cms,simplecmsapplication,https://github.com/akhicms/cms
,comcodedak/cms,springCloudDockerMicroService,https://github.com/comcodedak/cms
,kishan93kathiriya/CMS,DataClusteringonCMSdatausingHadoopandMapReduce,https://github.com/kishan93kathiriya/CMS
,zaluable/CMS,,https://github.com/zaluable/CMS
,datasheetA/cms,,https://github.com/datasheetA/cms
,EvilGreenArmy/cms,CMS,https://github.com/EvilGreenArmy/cms
,przemyslawkonik/cms,,https://github.com/przemyslawkonik/cms
,surick/cms,SimpleAdmin,https://github.com/surick/cms
,mzaraj/cms,,https://github.com/mzaraj/cms
,knowosad/cms,,https://github.com/knowosad/cms
,hpjzzz/CMS,,https://github.com/hpjzzz/CMS
,EmotionK/CMS,课程管理系统,https://github.com/EmotionK/CMS
,yangguang-coder/cms,看点咨询项目,https://github.com/yangguang-coder/cms
,lxcdashuaibi/cms,,https://github.com/lxcdashuaibi/cms
,PomeloMan/cms,,https://github.com/PomeloMan/cms
,dmitrigorbats/cms,,https://github.com/dmitrigorbats/cms
,NiketaBihani/cms,,https://github.com/NiketaBihani/cms
,Shixiaofei0619/cms,,https://github.com/Shixiaofei0619/cms
,Nancy-ruochen/cms,cms代码,https://github.com/Nancy-ruochen/cms
,SilenttNewar/CMS,,https://github.com/SilenttNewar/CMS
,raloop/cms,CustomerManagementSystem,https://github.com/raloop/cms
,Tilvaldiyev/CMS,DBMSProject,https://github.com/Tilvaldiyev/CMS
,JGBSTeam/cms,cms,https://github.com/JGBSTeam/cms
,lyw-119/CMS,计算机系课程管理平台,https://github.com/lyw-119/CMS
,18573811202/CMS,cms项目代码,https://github.com/18573811202/CMS
,Ahmad-Reza/cms,,https://github.com/Ahmad-Reza/cms
,WANGYUNING88/cms,,https://github.com/WANGYUNING88/cms
,whling/CMS,,https://github.com/whling/CMS
,LazyRobber/CMS,,https://github.com/LazyRobber/CMS
,yoesoff/cms,Justmytinycms,https://github.com/yoesoff/cms
,huangqunyong/CMS,看点咨询,https://github.com/huangqunyong/CMS
,wormhole/cms,一个基于Springboot的内容管理系统（CMS）,https://github.com/wormhole/cms
,sunwhut/CMS,Thisisasimplecontentmanagementsystem(cms).,https://github.com/sunwhut/CMS
,duyao/cms,,https://github.com/duyao/cms
1,Stackflood/CMS,,https://github.com/Stackflood/CMS
1,wac009/cms,developedbyjava,https://github.com/wac009/cms
1,jvwong/CMS,ASpringCMS,https://github.com/jvwong/CMS
,PjwstkCMS/CMS,,https://github.com/PjwstkCMS/CMS
,uduma/CMS,ACONTACTMANAGEMENTAPP,https://github.com/uduma/CMS
1,wushanfa/CMS,移动护理,https://github.com/wushanfa/CMS
,mail2ranjanas/CMS,ConsultantManagementSystem-Onlinetooltomanageresources,https://github.com/mail2ranjanas/CMS
,snjy91/CMS,ClinicManagementSystemWebProjectdevelopedusingSpringHibernate,https://github.com/snjy91/CMS
,huayu0815/cms,,https://github.com/huayu0815/cms
,scangold/cms,,https://github.com/scangold/cms
,srmamilla/CMS,ContentManagementSystem,https://github.com/srmamilla/CMS
,prasad1247/CMS,,https://github.com/prasad1247/CMS
,344436738/cms,,https://github.com/344436738/cms
,vaibhav-kumar87/cms,,https://github.com/vaibhav-kumar87/cms
,josif88/CMS,,https://github.com/josif88/CMS
,along603/CMS,,https://github.com/along603/CMS
,Eddieshell/CMS,,https://github.com/Eddieshell/CMS
,InverseOfControl/cms,,https://github.com/InverseOfControl/cms
,yuanshang5563/cms,,https://github.com/yuanshang5563/cms
,stons/cms,,https://github.com/stons/cms
1,s-karpovich/cms,"CustomerManagementSystem(testtask).SpringFramework(SpringCore,SpringBoot,SpringMVC,SpringSecurity),Hib…",https://github.com/s-karpovich/cms
,alexengrig/CMS,SimpleCMS,https://github.com/alexengrig/CMS
,knxhd/cms,,https://github.com/knxhd/cms
,vhesami/cms,Simplecardmanagementsystem,https://github.com/vhesami/cms
,xiaoming1112/cms,咨询管理项目,https://github.com/xiaoming1112/cms
,dyc0315/cms,,https://github.com/dyc0315/cms
,Case-Management-System/CMS,,https://github.com/Case-Management-System/CMS
,ProphetCai/CMS,智慧校园,https://github.com/ProphetCai/CMS
,deepakdantla/CMS,cms,https://github.com/deepakdantla/CMS
,qingzhihao14/cms,Cms-Project,https://github.com/qingzhihao14/cms
,willoney2/cms,CustomerManagementSystem,https://github.com/willoney2/cms
,liwenpmz/cms,,https://github.com/liwenpmz/cms
,as851499434/cms,,https://github.com/as851499434/cms
,j-sal/CMS,ContractManagementSystemGroup3,https://github.com/j-sal/CMS
,XJH99/cms,,https://github.com/XJH99/cms
,svIndicium/cms,,https://github.com/svIndicium/cms
,Aubwls/CMS,,https://github.com/Aubwls/CMS
,kequandian/cms,,https://github.com/kequandian/cms
,youngsam-b/cms,,https://github.com/youngsam-b/cms
,qq644531343/cms,自主研发的javawebcms文章管理系统,https://github.com/qq644531343/cms
,rvibhava/CMS,TestProjectforJenkinsCI,https://github.com/rvibhava/CMS
,ninjav69/cms,ADrupal-likeCMSinJavaWebProfile,https://github.com/ninjav69/cms
1,chenyuguxing/cms,jeecms,https://github.com/chenyuguxing/cms
,loveis/cms,contentmanagementsystemproject,https://github.com/loveis/cms
1,guoxingithub/cms,,https://github.com/guoxingithub/cms
,LpgeneratorBot/cms,,https://github.com/LpgeneratorBot/cms
,qzzsunly/cms,cms,https://github.com/qzzsunly/cms
,alnswa/cms,,https://github.com/alnswa/cms
,edersonjseder/cms,,https://github.com/edersonjseder/cms
,DannyNs/cms,,https://github.com/DannyNs/cms
,ahxm/cms,cmssystem,https://github.com/ahxm/cms
,dengdajun/cms,,https://github.com/dengdajun/cms
,thatSAMazing/cms,,https://github.com/thatSAMazing/cms
,qlpsoul777/cms,内容管理系统,https://github.com/qlpsoul777/cms
,LeonSC/CMS,,https://github.com/LeonSC/CMS
,mulawa/cms,,https://github.com/mulawa/cms
,bencePal/cms,,https://github.com/bencePal/cms
,Pfransk/CMS,ContactManagementSystem,https://github.com/Pfransk/CMS
,macrusal/cms,,https://github.com/macrusal/cms
,sanjaykrkundu/cms,,https://github.com/sanjaykrkundu/cms
,Arasu378/Cms,Demojavafxprojectwithmaterialdesign,https://github.com/Arasu378/Cms
,Prohlp/CMS,,https://github.com/Prohlp/CMS
,Rookiestupidtolearn/cms,,https://github.com/Rookiestupidtolearn/cms
,quacktinh2013/cms,CustomerManagementSystem,https://github.com/quacktinh2013/cms
,jawharOmar/cms,,https://github.com/jawharOmar/cms
